nohup: ignoring input
/root/anaconda3/envs/nanoflow_new/lib/python3.13/site-packages/torch/cuda/__init__.py:61: FutureWarning: The pynvml package is deprecated. Please install nvidia-ml-py instead. If you did not install pynvml directly, please report this to the maintainers of the package that installed pynvml for you.
  import pynvml  # type: ignore[import]
<frozen importlib._bootstrap_external>:1328: FutureWarning: The cuda.cudart module is deprecated and will be removed in a future release, please switch to use the cuda.bindings.runtime module instead.
<frozen importlib._bootstrap_external>:1328: FutureWarning: The cuda.nvrtc module is deprecated and will be removed in a future release, please switch to use the cuda.bindings.nvrtc module instead.
load from safe tensor
  0%|          | 0/10 [00:00<?, ?it/s] 70%|███████   | 7/10 [00:00<00:00, 24.30it/s]100%|██████████| 10/10 [00:01<00:00,  5.21it/s]100%|██████████| 10/10 [00:01<00:00,  6.24it/s]
[fast_uring] huge‑page mmap failed – falling back to malloc
[fast_uring] Loaded 15316 MiB in 1133.15 ms → 14173.4 MB/s
set weight start
save weight to disk
set weight time: 51.18s
Using total SM count: 108 (device has 108 SMs)
!!! WARNING: Bypassing green_ctx creation, creating standard CUDA streams for all SM counts. !!!
!!! WARNING: Bypassing green_ctx creation, creating standard CUDA streams for all SM counts. !!!
!!! 警告：正在绕过 green_ctx 创建，为性能分析创建标准的 CUDA 流。!!!
load weight from disk
Loaded 12,978.2 MB/s with 8,030,261,248 elements
load tensor to device time: 2.84s
load weight time: 4.08s
set weight start
set weight time: 0.00s
初始化 profile data...
Setting up profile database for operation GlobalInput with append mode: False
Setting up profile database for operation GenEmbedding with append mode: False
Setting up profile database for operation LayerNormAttn with append mode: False
Setting up profile database for operation KQV with append mode: False
Setting up profile database for operation RopeAppend with append mode: False
Setting up profile database for operation DecAttn with append mode: False
Setting up profile database for operation PFAttn with append mode: False
Setting up profile database for operation O with append mode: False
Setting up profile database for operation LayerNormFFN with append mode: False
Setting up profile database for operation UG with append mode: False
Setting up profile database for operation Activation with append mode: False
Setting up profile database for operation D with append mode: False
Setting up profile database for operation ModelLayerNorm with append mode: False
Setting up profile database for operation GetLogits with append mode: False
Setting up profile database for operation Sampling with append mode: False
Setting up profile database for operation GlobalOutput with append mode: False
Total SM count: 108
SM counts list: [8, 16, 24, 32, 40, 48, 56, 64, 72, 80, 88, 96, 104]
GenEmbedding impl_map keys: ['torch', 'cuda']
ropeAppend impl_map keys: ['cuda']

Available streams and their SM counts:
Stream TEST_0: SM count = 8
Stream TEST_1: SM count = 16
Stream TEST_2: SM count = 24
Stream TEST_3: SM count = 32
Stream TEST_4: SM count = 40
Stream TEST_5: SM count = 48
Stream TEST_6: SM count = 56
Stream TEST_7: SM count = 64
Stream TEST_8: SM count = 72
Stream TEST_9: SM count = 80
Stream TEST_10: SM count = 88
Stream TEST_11: SM count = 96
Stream TEST_12: SM count = 104
Stream TEST_TOTAL: SM count = 108

Processing Stream: TEST_0

Preparing to process batch:
- Input length: 1
- Input[0] shape: 128
- Total batch size: 128
- Input is not a tensor

Pipeline update:
- Stream name: TEST_0
- Is profile: True
- Decode batch size: 0
- Stream SM count: 8
- No cumsum_input found
Restricted license - for non-production use only - expires 2026-11-23
Total allocated size: 52758016
Allocation finished.
Total allocated: 50.31396484375 MB in cuda:0
Using implementation: torch
qo_indicies device: cuda:0, shape: torch.Size([2])
kv_indptr device: cuda:0, shape: torch.Size([2])
kv_indices device: cuda:0, shape: torch.Size([10240])
kv_last_page_len: tensor([16], device='cuda:0', dtype=torch.int32)
page_size: 16
Operation name: GlobalInput
Operation name: GenEmbedding
Name: GenEmbedding, Category: torch, Batch Size: 128, Average Time: 0.011038719415664673 ms
Name: GenEmbedding, Category: cuda, Batch Size: 128, Average Time: 0.0030515199899673463 ms
Operation name: LayerNormAttn
Name: LayerNormAttn, Category: torch, Batch Size: 128, Average Time: 0.041011199951171876 ms
Name: LayerNormAttn, Category: cuda, Batch Size: 128, Average Time: 0.0034406399726867676 ms
Operation name: KQV
Name: KQV, Category: torch, impl_tag: None, Batch Size: 128, Average Time: 0.08169471740722656 ms
Operation name: RopeAppend
Name: RopeAppend, Category: cuda, Batch Size: 128, Average Time: 0.005109760165214539 ms
Operation name: PFAttn
qo_indicies device: cuda:0, shape: torch.Size([2])
kv_indptr device: cuda:0, shape: torch.Size([2])
kv_indices device: cuda:0, shape: torch.Size([10240])
kv_last_page_len: tensor([16], device='cuda:0', dtype=torch.int32)
page_size: 16
Name: PFAttn, Category: batched_cuda, Batch Size: 128, Average Time: 0.012441600561141969 ms
Operation name: O
Name: O, Category: torch, impl_tag: None, Batch Size: 128, Average Time: 0.09869312286376954 ms
Operation name: LayerNormFFN
Name: LayerNormFFN, Category: torch, Batch Size: 128, Average Time: 0.06007808208465576 ms
Name: LayerNormFFN, Category: cuda, Batch Size: 128, Average Time: 0.0034406399726867676 ms
Operation name: UG
Name: UG, Category: torch, impl_tag: None, Batch Size: 128, Average Time: 0.47430656433105467 ms
Operation name: Activation
Name: Activation, Category: torch, Batch Size: 128, Average Time: 0.031477758884429934 ms
Name: Activation, Category: cuda, Batch Size: 128, Average Time: 0.010147839784622192 ms
Operation name: D
Name: D, Category: torch, impl_tag: None, Batch Size: 128, Average Time: 0.2851430320739746 ms
Operation name: ModelLayerNorm
Name: ModelLayerNorm, Category: torch, Batch Size: 128, Average Time: 0.03720191955566406 ms
Name: ModelLayerNorm, Category: cuda, Batch Size: 128, Average Time: 0.0038092800974845885 ms
Operation name: GetLogits
Name: GetLogits, Category: torch, impl_tag: None, Batch Size: 128, Average Time: 1.331251220703125 ms
Operation name: Sampling
Name: Sampling, Category: torch, Batch Size: 128, Average Time: 0.14313471794128418 ms
Name: Sampling, Category: cuda, Batch Size: 128, Average Time: 0.13803520202636718 ms
Operation name: GlobalOutput

Preparing to process batch:
- Input length: 1
- Input[0] shape: 256
- Total batch size: 256
- Input is not a tensor

Pipeline update:
- Stream name: TEST_0
- Is profile: True
- Decode batch size: 0
- Stream SM count: 8
- Cumsum input type: <class 'list'>
Total allocated size: 105516032
Allocation finished.
Total allocated: 100.6279296875 MB in cuda:0
Using implementation: torch
qo_indicies device: cuda:0, shape: torch.Size([2])
kv_indptr device: cuda:0, shape: torch.Size([2])
kv_indices device: cuda:0, shape: torch.Size([10240])
kv_last_page_len: tensor([16], device='cuda:0', dtype=torch.int32)
page_size: 16
Operation name: GlobalInput
Operation name: GenEmbedding
Name: GenEmbedding, Category: torch, Batch Size: 256, Average Time: 0.014725120067596435 ms
Name: GenEmbedding, Category: cuda, Batch Size: 256, Average Time: 0.003543039858341217 ms
Operation name: LayerNormAttn
Name: LayerNormAttn, Category: torch, Batch Size: 256, Average Time: 0.045404157638549804 ms
Name: LayerNormAttn, Category: cuda, Batch Size: 256, Average Time: 0.0038092800974845885 ms
Operation name: KQV
Name: KQV, Category: torch, impl_tag: None, Batch Size: 256, Average Time: 0.14178303718566895 ms
Operation name: RopeAppend
Name: RopeAppend, Category: cuda, Batch Size: 256, Average Time: 0.005519359707832337 ms
Operation name: PFAttn
qo_indicies device: cuda:0, shape: torch.Size([2])
kv_indptr device: cuda:0, shape: torch.Size([2])
kv_indices device: cuda:0, shape: torch.Size([10240])
kv_last_page_len: tensor([16], device='cuda:0', dtype=torch.int32)
page_size: 16
Name: PFAttn, Category: batched_cuda, Batch Size: 256, Average Time: 0.06388735771179199 ms
Operation name: O
Name: O, Category: torch, impl_tag: None, Batch Size: 256, Average Time: 0.09218048095703125 ms
Operation name: LayerNormFFN
Name: LayerNormFFN, Category: torch, Batch Size: 256, Average Time: 0.04538368225097656 ms
Name: LayerNormFFN, Category: cuda, Batch Size: 256, Average Time: 0.004167680144309998 ms
Operation name: UG
Name: UG, Category: torch, impl_tag: None, Batch Size: 256, Average Time: 0.36183040618896484 ms
Operation name: Activation
Name: Activation, Category: torch, Batch Size: 256, Average Time: 0.06740992069244385 ms
Name: Activation, Category: cuda, Batch Size: 256, Average Time: 0.05401599884033203 ms
Operation name: D
Name: D, Category: torch, impl_tag: None, Batch Size: 256, Average Time: 0.5533184051513672 ms
Operation name: ModelLayerNorm
Name: ModelLayerNorm, Category: torch, Batch Size: 256, Average Time: 0.06029312133789062 ms
Name: ModelLayerNorm, Category: cuda, Batch Size: 256, Average Time: 0.004208639860153198 ms
Operation name: GetLogits
Name: GetLogits, Category: torch, impl_tag: None, Batch Size: 256, Average Time: 1.5512576293945313 ms
Operation name: Sampling
Name: Sampling, Category: torch, Batch Size: 256, Average Time: 0.09208831787109376 ms
Name: Sampling, Category: cuda, Batch Size: 256, Average Time: 0.21450752258300781 ms
Operation name: GlobalOutput

Preparing to process batch:
- Input length: 1
- Input[0] shape: 384
- Total batch size: 384
- Input is not a tensor

Pipeline update:
- Stream name: TEST_0
- Is profile: True
- Decode batch size: 0
- Stream SM count: 8
- Cumsum input type: <class 'list'>
Total allocated size: 158274048
Allocation finished.
Total allocated: 150.94189453125 MB in cuda:0
Using implementation: torch
qo_indicies device: cuda:0, shape: torch.Size([2])
kv_indptr device: cuda:0, shape: torch.Size([2])
kv_indices device: cuda:0, shape: torch.Size([10240])
kv_last_page_len: tensor([16], device='cuda:0', dtype=torch.int32)
page_size: 16
Operation name: GlobalInput
Operation name: GenEmbedding
Name: GenEmbedding, Category: torch, Batch Size: 384, Average Time: 0.018176000118255615 ms
Name: GenEmbedding, Category: cuda, Batch Size: 384, Average Time: 0.003614720106124878 ms
Operation name: LayerNormAttn
Name: LayerNormAttn, Category: torch, Batch Size: 384, Average Time: 0.056514558792114256 ms
Name: LayerNormAttn, Category: cuda, Batch Size: 384, Average Time: 0.004925439953804016 ms
Operation name: KQV
Name: KQV, Category: torch, impl_tag: None, Batch Size: 384, Average Time: 0.13066240310668945 ms
Operation name: RopeAppend
Name: RopeAppend, Category: cuda, Batch Size: 384, Average Time: 0.007045120000839233 ms
Operation name: PFAttn
qo_indicies device: cuda:0, shape: torch.Size([2])
kv_indptr device: cuda:0, shape: torch.Size([2])
kv_indices device: cuda:0, shape: torch.Size([10240])
kv_last_page_len: tensor([16], device='cuda:0', dtype=torch.int32)
page_size: 16
Name: PFAttn, Category: batched_cuda, Batch Size: 384, Average Time: 0.11985919952392578 ms
Operation name: O
Name: O, Category: torch, impl_tag: None, Batch Size: 384, Average Time: 0.17897472381591797 ms
Operation name: LayerNormFFN
Name: LayerNormFFN, Category: torch, Batch Size: 384, Average Time: 0.11299839973449707 ms
Name: LayerNormFFN, Category: cuda, Batch Size: 384, Average Time: 0.004915199875831604 ms
Operation name: UG
Name: UG, Category: torch, impl_tag: None, Batch Size: 384, Average Time: 0.5085798263549804 ms
Operation name: Activation
Name: Activation, Category: torch, Batch Size: 384, Average Time: 0.06892543792724609 ms
Name: Activation, Category: cuda, Batch Size: 384, Average Time: 0.047871999740600586 ms
Operation name: D
Name: D, Category: torch, impl_tag: None, Batch Size: 384, Average Time: 0.5571583938598633 ms
Operation name: ModelLayerNorm
Name: ModelLayerNorm, Category: torch, Batch Size: 384, Average Time: 0.09254912376403808 ms
Name: ModelLayerNorm, Category: cuda, Batch Size: 384, Average Time: 0.004904960095882416 ms
Operation name: GetLogits
Name: GetLogits, Category: torch, impl_tag: None, Batch Size: 384, Average Time: 2.5078886413574217 ms
Operation name: Sampling
Name: Sampling, Category: torch, Batch Size: 384, Average Time: 0.11565055847167968 ms
Name: Sampling, Category: cuda, Batch Size: 384, Average Time: 0.1616691207885742 ms
Operation name: GlobalOutput

Preparing to process batch:
- Input length: 1
- Input[0] shape: 512
- Total batch size: 512
- Input is not a tensor

Pipeline update:
- Stream name: TEST_0
- Is profile: True
- Decode batch size: 0
- Stream SM count: 8
- Cumsum input type: <class 'list'>
Total allocated size: 211032064
Allocation finished.
Total allocated: 201.255859375 MB in cuda:0
Using implementation: torch
qo_indicies device: cuda:0, shape: torch.Size([2])
kv_indptr device: cuda:0, shape: torch.Size([2])
kv_indices device: cuda:0, shape: torch.Size([10240])
kv_last_page_len: tensor([16], device='cuda:0', dtype=torch.int32)
page_size: 16
Operation name: GlobalInput
Operation name: GenEmbedding
Name: GenEmbedding, Category: torch, Batch Size: 512, Average Time: 0.0425984001159668 ms
Name: GenEmbedding, Category: cuda, Batch Size: 512, Average Time: 0.004362240135669708 ms
Operation name: LayerNormAttn
Name: LayerNormAttn, Category: torch, Batch Size: 512, Average Time: 0.14750720024108888 ms
Name: LayerNormAttn, Category: cuda, Batch Size: 512, Average Time: 0.005867519974708557 ms
Operation name: KQV
Name: KQV, Category: torch, impl_tag: None, Batch Size: 512, Average Time: 0.13503487586975096 ms
Operation name: RopeAppend
Name: RopeAppend, Category: cuda, Batch Size: 512, Average Time: 0.008253440260887146 ms
Operation name: PFAttn
qo_indicies device: cuda:0, shape: torch.Size([2])
kv_indptr device: cuda:0, shape: torch.Size([2])
kv_indices device: cuda:0, shape: torch.Size([10240])
kv_last_page_len: tensor([16], device='cuda:0', dtype=torch.int32)
page_size: 16
Name: PFAttn, Category: batched_cuda, Batch Size: 512, Average Time: 0.03906559944152832 ms
Operation name: O
Name: O, Category: torch, impl_tag: None, Batch Size: 512, Average Time: 0.21565439224243163 ms
Operation name: LayerNormFFN
Name: LayerNormFFN, Category: torch, Batch Size: 512, Average Time: 0.14708736419677734 ms
Name: LayerNormFFN, Category: cuda, Batch Size: 512, Average Time: 0.005908480286598206 ms
Operation name: UG
Name: UG, Category: torch, impl_tag: None, Batch Size: 512, Average Time: 1.3949337768554688 ms
Operation name: Activation
Name: Activation, Category: torch, Batch Size: 512, Average Time: 0.09278464317321777 ms
Name: Activation, Category: cuda, Batch Size: 512, Average Time: 0.0631705617904663 ms
Operation name: D
Name: D, Category: torch, impl_tag: None, Batch Size: 512, Average Time: 0.4503859329223633 ms
Operation name: ModelLayerNorm
Name: ModelLayerNorm, Category: torch, Batch Size: 512, Average Time: 0.09336832046508789 ms
Name: ModelLayerNorm, Category: cuda, Batch Size: 512, Average Time: 0.009103360176086426 ms
Operation name: GetLogits
Name: GetLogits, Category: torch, impl_tag: None, Batch Size: 512, Average Time: 5.665484619140625 ms
Operation name: Sampling
Name: Sampling, Category: torch, Batch Size: 512, Average Time: 0.1409331226348877 ms
Name: Sampling, Category: cuda, Batch Size: 512, Average Time: 0.22412288665771485 ms
Operation name: GlobalOutput

Preparing to process batch:
- Input length: 1
- Input[0] shape: 640
- Total batch size: 640
- Input is not a tensor

Pipeline update:
- Stream name: TEST_0
- Is profile: True
- Decode batch size: 0
- Stream SM count: 8
- Cumsum input type: <class 'list'>
Total allocated size: 263790080
Allocation finished.
Total allocated: 251.56982421875 MB in cuda:0
Using implementation: torch
qo_indicies device: cuda:0, shape: torch.Size([2])
kv_indptr device: cuda:0, shape: torch.Size([2])
kv_indices device: cuda:0, shape: torch.Size([10240])
kv_last_page_len: tensor([16], device='cuda:0', dtype=torch.int32)
page_size: 16
Operation name: GlobalInput
Operation name: GenEmbedding
Name: GenEmbedding, Category: torch, Batch Size: 640, Average Time: 0.02683903932571411 ms
Name: GenEmbedding, Category: cuda, Batch Size: 640, Average Time: 0.004833280146121979 ms
Operation name: LayerNormAttn
Name: LayerNormAttn, Category: torch, Batch Size: 640, Average Time: 0.16363519668579102 ms
Name: LayerNormAttn, Category: cuda, Batch Size: 640, Average Time: 0.006246399879455566 ms
Operation name: KQV
Name: KQV, Category: torch, impl_tag: None, Batch Size: 640, Average Time: 0.20107263565063477 ms
Operation name: RopeAppend
Name: RopeAppend, Category: cuda, Batch Size: 640, Average Time: 0.009297919869422912 ms
Operation name: PFAttn
qo_indicies device: cuda:0, shape: torch.Size([2])
kv_indptr device: cuda:0, shape: torch.Size([2])
kv_indices device: cuda:0, shape: torch.Size([10240])
kv_last_page_len: tensor([16], device='cuda:0', dtype=torch.int32)
page_size: 16
Name: PFAttn, Category: batched_cuda, Batch Size: 640, Average Time: 0.04673535823822021 ms
Operation name: O
Name: O, Category: torch, impl_tag: None, Batch Size: 640, Average Time: 0.1338265609741211 ms
Operation name: LayerNormFFN
Name: LayerNormFFN, Category: torch, Batch Size: 640, Average Time: 0.07608320236206055 ms
Name: LayerNormFFN, Category: cuda, Batch Size: 640, Average Time: 0.0062873601913452145 ms
Operation name: UG
Name: UG, Category: torch, impl_tag: None, Batch Size: 640, Average Time: 1.4803660583496094 ms
Operation name: Activation
Name: Activation, Category: torch, Batch Size: 640, Average Time: 0.14078975677490235 ms
Name: Activation, Category: cuda, Batch Size: 640, Average Time: 0.09873408317565918 ms
Operation name: D
Name: D, Category: torch, impl_tag: None, Batch Size: 640, Average Time: 0.46109695434570314 ms
Operation name: ModelLayerNorm
Name: ModelLayerNorm, Category: torch, Batch Size: 640, Average Time: 0.08121343612670899 ms
Name: ModelLayerNorm, Category: cuda, Batch Size: 640, Average Time: 0.006594560146331787 ms
Operation name: GetLogits
Name: GetLogits, Category: torch, impl_tag: None, Batch Size: 640, Average Time: 4.275927124023437 ms
Operation name: Sampling
Name: Sampling, Category: torch, Batch Size: 640, Average Time: 0.39014400482177736 ms
Name: Sampling, Category: cuda, Batch Size: 640, Average Time: 0.5824409484863281 ms
Operation name: GlobalOutput

Pipeline update:
- Stream name: TEST_TOTAL
- Is profile: True
- Decode batch size: 0
- Stream SM count: 108
- Cumsum input type: <class 'list'>
Total allocated size: 105516032
Allocation finished.
Total allocated: 100.6279296875 MB in cuda:0
Using implementation: torch
qo_indicies device: cuda:0, shape: torch.Size([2])
kv_indptr device: cuda:0, shape: torch.Size([2])
kv_indices device: cuda:0, shape: torch.Size([10240])
kv_last_page_len: tensor([16], device='cuda:0', dtype=torch.int32)
page_size: 16
new_tokens:  [(0, [13])]
total_batch_size:  128

Pipeline update:
- Stream name: TEST_TOTAL
- Is profile: True
- Decode batch size: 0
- Stream SM count: 108
- Cumsum input type: <class 'list'>
qo_indicies device: cuda:0, shape: torch.Size([2])
kv_indptr device: cuda:0, shape: torch.Size([2])
kv_indices device: cuda:0, shape: torch.Size([10240])
kv_last_page_len: tensor([16], device='cuda:0', dtype=torch.int32)
page_size: 16
new_tokens:  [(1, [13])]
total_batch_size:  128

Pipeline update:
- Stream name: TEST_TOTAL
- Is profile: True
- Decode batch size: 0
- Stream SM count: 108
- Cumsum input type: <class 'list'>
qo_indicies device: cuda:0, shape: torch.Size([2])
kv_indptr device: cuda:0, shape: torch.Size([2])
kv_indices device: cuda:0, shape: torch.Size([10240])
kv_last_page_len: tensor([16], device='cuda:0', dtype=torch.int32)
page_size: 16
new_tokens:  [(2, [13])]
total_batch_size:  128

Pipeline update:
- Stream name: TEST_TOTAL
- Is profile: True
- Decode batch size: 0
- Stream SM count: 108
- Cumsum input type: <class 'list'>
qo_indicies device: cuda:0, shape: torch.Size([2])
kv_indptr device: cuda:0, shape: torch.Size([2])
kv_indices device: cuda:0, shape: torch.Size([10240])
kv_last_page_len: tensor([16], device='cuda:0', dtype=torch.int32)
page_size: 16
new_tokens:  [(3, [13])]
total_batch_size:  128

Pipeline update:
- Stream name: TEST_TOTAL
- Is profile: True
- Decode batch size: 0
- Stream SM count: 108
- Cumsum input type: <class 'list'>
qo_indicies device: cuda:0, shape: torch.Size([2])
kv_indptr device: cuda:0, shape: torch.Size([2])
kv_indices device: cuda:0, shape: torch.Size([10240])
kv_last_page_len: tensor([16], device='cuda:0', dtype=torch.int32)
page_size: 16
new_tokens:  [(4, [13])]
total_batch_size:  128

Pipeline update:
- Stream name: TEST_TOTAL
- Is profile: True
- Decode batch size: 0
- Stream SM count: 108
- Cumsum input type: <class 'list'>
qo_indicies device: cuda:0, shape: torch.Size([2])
kv_indptr device: cuda:0, shape: torch.Size([2])
kv_indices device: cuda:0, shape: torch.Size([10240])
kv_last_page_len: tensor([16], device='cuda:0', dtype=torch.int32)
page_size: 16
new_tokens:  [(5, [13])]
total_batch_size:  128

Pipeline update:
- Stream name: TEST_TOTAL
- Is profile: True
- Decode batch size: 0
- Stream SM count: 108
- Cumsum input type: <class 'list'>
qo_indicies device: cuda:0, shape: torch.Size([2])
kv_indptr device: cuda:0, shape: torch.Size([2])
kv_indices device: cuda:0, shape: torch.Size([10240])
kv_last_page_len: tensor([16], device='cuda:0', dtype=torch.int32)
page_size: 16
new_tokens:  [(6, [13])]
total_batch_size:  128

Pipeline update:
- Stream name: TEST_TOTAL
- Is profile: True
- Decode batch size: 0
- Stream SM count: 108
- Cumsum input type: <class 'list'>
qo_indicies device: cuda:0, shape: torch.Size([2])
kv_indptr device: cuda:0, shape: torch.Size([2])
kv_indices device: cuda:0, shape: torch.Size([10240])
kv_last_page_len: tensor([16], device='cuda:0', dtype=torch.int32)
page_size: 16
new_tokens:  [(7, [13])]
total_batch_size:  128

Pipeline update:
- Stream name: TEST_TOTAL
- Is profile: True
- Decode batch size: 0
- Stream SM count: 108
- Cumsum input type: <class 'list'>
qo_indicies device: cuda:0, shape: torch.Size([2])
kv_indptr device: cuda:0, shape: torch.Size([2])
kv_indices device: cuda:0, shape: torch.Size([10240])
kv_last_page_len: tensor([16], device='cuda:0', dtype=torch.int32)
page_size: 16
new_tokens:  [(8, [13])]
total_batch_size:  128

Pipeline update:
- Stream name: TEST_TOTAL
- Is profile: True
- Decode batch size: 0
- Stream SM count: 108
- Cumsum input type: <class 'list'>
qo_indicies device: cuda:0, shape: torch.Size([2])
kv_indptr device: cuda:0, shape: torch.Size([2])
kv_indices device: cuda:0, shape: torch.Size([10240])
kv_last_page_len: tensor([16], device='cuda:0', dtype=torch.int32)
page_size: 16
new_tokens:  [(9, [13])]
total_batch_size:  128

Pipeline update:
- Stream name: TEST_TOTAL
- Is profile: True
- Decode batch size: 0
- Stream SM count: 108
- Cumsum input type: <class 'list'>
qo_indicies device: cuda:0, shape: torch.Size([2])
kv_indptr device: cuda:0, shape: torch.Size([2])
kv_indices device: cuda:0, shape: torch.Size([10240])
kv_last_page_len: tensor([16], device='cuda:0', dtype=torch.int32)
page_size: 16
new_tokens:  [(10, [13])]
total_batch_size:  128

Pipeline update:
- Stream name: TEST_TOTAL
- Is profile: True
- Decode batch size: 0
- Stream SM count: 108
- Cumsum input type: <class 'list'>
qo_indicies device: cuda:0, shape: torch.Size([2])
kv_indptr device: cuda:0, shape: torch.Size([2])
kv_indices device: cuda:0, shape: torch.Size([10240])
kv_last_page_len: tensor([16], device='cuda:0', dtype=torch.int32)
page_size: 16
new_tokens:  [(11, [13])]
total_batch_size:  128

Pipeline update:
- Stream name: TEST_TOTAL
- Is profile: True
- Decode batch size: 0
- Stream SM count: 108
- Cumsum input type: <class 'list'>
qo_indicies device: cuda:0, shape: torch.Size([2])
kv_indptr device: cuda:0, shape: torch.Size([2])
kv_indices device: cuda:0, shape: torch.Size([10240])
kv_last_page_len: tensor([16], device='cuda:0', dtype=torch.int32)
page_size: 16
new_tokens:  [(12, [13])]
total_batch_size:  128

Pipeline update:
- Stream name: TEST_TOTAL
- Is profile: True
- Decode batch size: 0
- Stream SM count: 108
- Cumsum input type: <class 'list'>
qo_indicies device: cuda:0, shape: torch.Size([2])
kv_indptr device: cuda:0, shape: torch.Size([2])
kv_indices device: cuda:0, shape: torch.Size([10240])
kv_last_page_len: tensor([16], device='cuda:0', dtype=torch.int32)
page_size: 16
new_tokens:  [(13, [13])]
total_batch_size:  128

Pipeline update:
- Stream name: TEST_TOTAL
- Is profile: True
- Decode batch size: 0
- Stream SM count: 108
- Cumsum input type: <class 'list'>
qo_indicies device: cuda:0, shape: torch.Size([2])
kv_indptr device: cuda:0, shape: torch.Size([2])
kv_indices device: cuda:0, shape: torch.Size([10240])
kv_last_page_len: tensor([16], device='cuda:0', dtype=torch.int32)
page_size: 16
new_tokens:  [(14, [13])]
total_batch_size:  128

Pipeline update:
- Stream name: TEST_TOTAL
- Is profile: True
- Decode batch size: 0
- Stream SM count: 108
- Cumsum input type: <class 'list'>
qo_indicies device: cuda:0, shape: torch.Size([2])
kv_indptr device: cuda:0, shape: torch.Size([2])
kv_indices device: cuda:0, shape: torch.Size([10240])
kv_last_page_len: tensor([16], device='cuda:0', dtype=torch.int32)
page_size: 16
new_tokens:  [(15, [13])]
total_batch_size:  128

Pipeline update:
- Stream name: TEST_TOTAL
- Is profile: True
- Decode batch size: 0
- Stream SM count: 108
- Cumsum input type: <class 'list'>
qo_indicies device: cuda:0, shape: torch.Size([2])
kv_indptr device: cuda:0, shape: torch.Size([2])
kv_indices device: cuda:0, shape: torch.Size([10240])
kv_last_page_len: tensor([16], device='cuda:0', dtype=torch.int32)
page_size: 16
new_tokens:  [(16, [13])]
total_batch_size:  128

Pipeline update:
- Stream name: TEST_TOTAL
- Is profile: True
- Decode batch size: 0
- Stream SM count: 108
- Cumsum input type: <class 'list'>
qo_indicies device: cuda:0, shape: torch.Size([2])
kv_indptr device: cuda:0, shape: torch.Size([2])
kv_indices device: cuda:0, shape: torch.Size([10240])
kv_last_page_len: tensor([16], device='cuda:0', dtype=torch.int32)
page_size: 16
new_tokens:  [(17, [13])]
total_batch_size:  128

Pipeline update:
- Stream name: TEST_TOTAL
- Is profile: True
- Decode batch size: 0
- Stream SM count: 108
- Cumsum input type: <class 'list'>
qo_indicies device: cuda:0, shape: torch.Size([2])
kv_indptr device: cuda:0, shape: torch.Size([2])
kv_indices device: cuda:0, shape: torch.Size([10240])
kv_last_page_len: tensor([16], device='cuda:0', dtype=torch.int32)
page_size: 16
new_tokens:  [(18, [13])]
total_batch_size:  128

Pipeline update:
- Stream name: TEST_TOTAL
- Is profile: True
- Decode batch size: 0
- Stream SM count: 108
- Cumsum input type: <class 'list'>
qo_indicies device: cuda:0, shape: torch.Size([2])
kv_indptr device: cuda:0, shape: torch.Size([2])
kv_indices device: cuda:0, shape: torch.Size([10240])
kv_last_page_len: tensor([16], device='cuda:0', dtype=torch.int32)
page_size: 16
new_tokens:  [(19, [13])]
total_batch_size:  128

Pipeline update:
- Stream name: TEST_TOTAL
- Is profile: True
- Decode batch size: 0
- Stream SM count: 108
- Cumsum input type: <class 'list'>
qo_indicies device: cuda:0, shape: torch.Size([2])
kv_indptr device: cuda:0, shape: torch.Size([2])
kv_indices device: cuda:0, shape: torch.Size([10240])
kv_last_page_len: tensor([16], device='cuda:0', dtype=torch.int32)
page_size: 16
new_tokens:  [(20, [13])]
total_batch_size:  128

Pipeline update:
- Stream name: TEST_TOTAL
- Is profile: True
- Decode batch size: 0
- Stream SM count: 108
- Cumsum input type: <class 'list'>
qo_indicies device: cuda:0, shape: torch.Size([2])
kv_indptr device: cuda:0, shape: torch.Size([2])
kv_indices device: cuda:0, shape: torch.Size([10240])
kv_last_page_len: tensor([16], device='cuda:0', dtype=torch.int32)
page_size: 16
new_tokens:  [(21, [13])]
total_batch_size:  128

Pipeline update:
- Stream name: TEST_TOTAL
- Is profile: True
- Decode batch size: 0
- Stream SM count: 108
- Cumsum input type: <class 'list'>
qo_indicies device: cuda:0, shape: torch.Size([2])
kv_indptr device: cuda:0, shape: torch.Size([2])
kv_indices device: cuda:0, shape: torch.Size([10240])
kv_last_page_len: tensor([16], device='cuda:0', dtype=torch.int32)
page_size: 16
new_tokens:  [(22, [13])]
total_batch_size:  128

Pipeline update:
- Stream name: TEST_TOTAL
- Is profile: True
- Decode batch size: 0
- Stream SM count: 108
- Cumsum input type: <class 'list'>
qo_indicies device: cuda:0, shape: torch.Size([2])
kv_indptr device: cuda:0, shape: torch.Size([2])
kv_indices device: cuda:0, shape: torch.Size([10240])
kv_last_page_len: tensor([16], device='cuda:0', dtype=torch.int32)
page_size: 16
new_tokens:  [(23, [13])]
total_batch_size:  128

Pipeline update:
- Stream name: TEST_TOTAL
- Is profile: True
- Decode batch size: 0
- Stream SM count: 108
- Cumsum input type: <class 'list'>
qo_indicies device: cuda:0, shape: torch.Size([2])
kv_indptr device: cuda:0, shape: torch.Size([2])
kv_indices device: cuda:0, shape: torch.Size([10240])
kv_last_page_len: tensor([16], device='cuda:0', dtype=torch.int32)
page_size: 16
new_tokens:  [(24, [13])]
total_batch_size:  128

Pipeline update:
- Stream name: TEST_TOTAL
- Is profile: True
- Decode batch size: 0
- Stream SM count: 108
- Cumsum input type: <class 'list'>
qo_indicies device: cuda:0, shape: torch.Size([2])
kv_indptr device: cuda:0, shape: torch.Size([2])
kv_indices device: cuda:0, shape: torch.Size([10240])
kv_last_page_len: tensor([16], device='cuda:0', dtype=torch.int32)
page_size: 16
new_tokens:  [(25, [13])]
total_batch_size:  128

Pipeline update:
- Stream name: TEST_TOTAL
- Is profile: True
- Decode batch size: 0
- Stream SM count: 108
- Cumsum input type: <class 'list'>
qo_indicies device: cuda:0, shape: torch.Size([2])
kv_indptr device: cuda:0, shape: torch.Size([2])
kv_indices device: cuda:0, shape: torch.Size([10240])
kv_last_page_len: tensor([16], device='cuda:0', dtype=torch.int32)
page_size: 16
new_tokens:  [(26, [13])]
total_batch_size:  128

Pipeline update:
- Stream name: TEST_TOTAL
- Is profile: True
- Decode batch size: 0
- Stream SM count: 108
- Cumsum input type: <class 'list'>
qo_indicies device: cuda:0, shape: torch.Size([2])
kv_indptr device: cuda:0, shape: torch.Size([2])
kv_indices device: cuda:0, shape: torch.Size([10240])
kv_last_page_len: tensor([16], device='cuda:0', dtype=torch.int32)
page_size: 16
new_tokens:  [(27, [13])]
total_batch_size:  128

Pipeline update:
- Stream name: TEST_TOTAL
- Is profile: True
- Decode batch size: 0
- Stream SM count: 108
- Cumsum input type: <class 'list'>
qo_indicies device: cuda:0, shape: torch.Size([2])
kv_indptr device: cuda:0, shape: torch.Size([2])
kv_indices device: cuda:0, shape: torch.Size([10240])
kv_last_page_len: tensor([16], device='cuda:0', dtype=torch.int32)
page_size: 16
new_tokens:  [(28, [13])]
total_batch_size:  128

Pipeline update:
- Stream name: TEST_TOTAL
- Is profile: True
- Decode batch size: 0
- Stream SM count: 108
- Cumsum input type: <class 'list'>
qo_indicies device: cuda:0, shape: torch.Size([2])
kv_indptr device: cuda:0, shape: torch.Size([2])
kv_indices device: cuda:0, shape: torch.Size([10240])
kv_last_page_len: tensor([16], device='cuda:0', dtype=torch.int32)
page_size: 16
new_tokens:  [(29, [13])]
total_batch_size:  128

Pipeline update:
- Stream name: TEST_TOTAL
- Is profile: True
- Decode batch size: 0
- Stream SM count: 108
- Cumsum input type: <class 'list'>
qo_indicies device: cuda:0, shape: torch.Size([2])
kv_indptr device: cuda:0, shape: torch.Size([2])
kv_indices device: cuda:0, shape: torch.Size([10240])
kv_last_page_len: tensor([16], device='cuda:0', dtype=torch.int32)
page_size: 16
new_tokens:  [(30, [13])]
total_batch_size:  128

Pipeline update:
- Stream name: TEST_TOTAL
- Is profile: True
- Decode batch size: 0
- Stream SM count: 108
- Cumsum input type: <class 'list'>
qo_indicies device: cuda:0, shape: torch.Size([2])
kv_indptr device: cuda:0, shape: torch.Size([2])
kv_indices device: cuda:0, shape: torch.Size([10240])
kv_last_page_len: tensor([16], device='cuda:0', dtype=torch.int32)
page_size: 16
new_tokens:  [(31, [13])]
total_batch_size:  128

Pipeline update:
- Stream name: TEST_TOTAL
- Is profile: True
- Decode batch size: 0
- Stream SM count: 108
- Cumsum input type: <class 'list'>
qo_indicies device: cuda:0, shape: torch.Size([2])
kv_indptr device: cuda:0, shape: torch.Size([2])
kv_indices device: cuda:0, shape: torch.Size([10240])
kv_last_page_len: tensor([16], device='cuda:0', dtype=torch.int32)
page_size: 16
new_tokens:  [(32, [13])]
total_batch_size:  128

Pipeline update:
- Stream name: TEST_TOTAL
- Is profile: True
- Decode batch size: 0
- Stream SM count: 108
- Cumsum input type: <class 'list'>
qo_indicies device: cuda:0, shape: torch.Size([2])
kv_indptr device: cuda:0, shape: torch.Size([2])
kv_indices device: cuda:0, shape: torch.Size([10240])
kv_last_page_len: tensor([16], device='cuda:0', dtype=torch.int32)
page_size: 16
new_tokens:  [(33, [13])]
total_batch_size:  128

Pipeline update:
- Stream name: TEST_TOTAL
- Is profile: True
- Decode batch size: 0
- Stream SM count: 108
- Cumsum input type: <class 'list'>
qo_indicies device: cuda:0, shape: torch.Size([2])
kv_indptr device: cuda:0, shape: torch.Size([2])
kv_indices device: cuda:0, shape: torch.Size([10240])
kv_last_page_len: tensor([16], device='cuda:0', dtype=torch.int32)
page_size: 16
new_tokens:  [(34, [13])]
total_batch_size:  128

Pipeline update:
- Stream name: TEST_TOTAL
- Is profile: True
- Decode batch size: 0
- Stream SM count: 108
- Cumsum input type: <class 'list'>
qo_indicies device: cuda:0, shape: torch.Size([2])
kv_indptr device: cuda:0, shape: torch.Size([2])
kv_indices device: cuda:0, shape: torch.Size([10240])
kv_last_page_len: tensor([16], device='cuda:0', dtype=torch.int32)
page_size: 16
new_tokens:  [(35, [13])]
total_batch_size:  128

Pipeline update:
- Stream name: TEST_TOTAL
- Is profile: True
- Decode batch size: 0
- Stream SM count: 108
- Cumsum input type: <class 'list'>
qo_indicies device: cuda:0, shape: torch.Size([2])
kv_indptr device: cuda:0, shape: torch.Size([2])
kv_indices device: cuda:0, shape: torch.Size([10240])
kv_last_page_len: tensor([16], device='cuda:0', dtype=torch.int32)
page_size: 16
new_tokens:  [(36, [13])]
total_batch_size:  128

Pipeline update:
- Stream name: TEST_TOTAL
- Is profile: True
- Decode batch size: 0
- Stream SM count: 108
- Cumsum input type: <class 'list'>
qo_indicies device: cuda:0, shape: torch.Size([2])
kv_indptr device: cuda:0, shape: torch.Size([2])
kv_indices device: cuda:0, shape: torch.Size([10240])
kv_last_page_len: tensor([16], device='cuda:0', dtype=torch.int32)
page_size: 16
new_tokens:  [(37, [13])]
total_batch_size:  128

Pipeline update:
- Stream name: TEST_TOTAL
- Is profile: True
- Decode batch size: 0
- Stream SM count: 108
- Cumsum input type: <class 'list'>
qo_indicies device: cuda:0, shape: torch.Size([2])
kv_indptr device: cuda:0, shape: torch.Size([2])
kv_indices device: cuda:0, shape: torch.Size([10240])
kv_last_page_len: tensor([16], device='cuda:0', dtype=torch.int32)
page_size: 16
new_tokens:  [(38, [13])]
total_batch_size:  128

Pipeline update:
- Stream name: TEST_TOTAL
- Is profile: True
- Decode batch size: 0
- Stream SM count: 108
- Cumsum input type: <class 'list'>
qo_indicies device: cuda:0, shape: torch.Size([2])
kv_indptr device: cuda:0, shape: torch.Size([2])
kv_indices device: cuda:0, shape: torch.Size([10240])
kv_last_page_len: tensor([16], device='cuda:0', dtype=torch.int32)
page_size: 16
new_tokens:  [(39, [13])]
total_batch_size:  128

Pipeline update:
- Stream name: TEST_TOTAL
- Is profile: True
- Decode batch size: 0
- Stream SM count: 108
- Cumsum input type: <class 'list'>
qo_indicies device: cuda:0, shape: torch.Size([2])
kv_indptr device: cuda:0, shape: torch.Size([2])
kv_indices device: cuda:0, shape: torch.Size([10240])
kv_last_page_len: tensor([16], device='cuda:0', dtype=torch.int32)
page_size: 16
new_tokens:  [(40, [13])]
total_batch_size:  128

Pipeline update:
- Stream name: TEST_TOTAL
- Is profile: True
- Decode batch size: 0
- Stream SM count: 108
- Cumsum input type: <class 'list'>
qo_indicies device: cuda:0, shape: torch.Size([2])
kv_indptr device: cuda:0, shape: torch.Size([2])
kv_indices device: cuda:0, shape: torch.Size([10240])
kv_last_page_len: tensor([16], device='cuda:0', dtype=torch.int32)
page_size: 16
new_tokens:  [(41, [13])]
total_batch_size:  128

Pipeline update:
- Stream name: TEST_TOTAL
- Is profile: True
- Decode batch size: 0
- Stream SM count: 108
- Cumsum input type: <class 'list'>
qo_indicies device: cuda:0, shape: torch.Size([2])
kv_indptr device: cuda:0, shape: torch.Size([2])
kv_indices device: cuda:0, shape: torch.Size([10240])
kv_last_page_len: tensor([16], device='cuda:0', dtype=torch.int32)
page_size: 16
new_tokens:  [(42, [13])]
total_batch_size:  128

Pipeline update:
- Stream name: TEST_TOTAL
- Is profile: True
- Decode batch size: 0
- Stream SM count: 108
- Cumsum input type: <class 'list'>
qo_indicies device: cuda:0, shape: torch.Size([2])
kv_indptr device: cuda:0, shape: torch.Size([2])
kv_indices device: cuda:0, shape: torch.Size([10240])
kv_last_page_len: tensor([16], device='cuda:0', dtype=torch.int32)
page_size: 16
new_tokens:  [(43, [13])]
total_batch_size:  128

Pipeline update:
- Stream name: TEST_TOTAL
- Is profile: True
- Decode batch size: 0
- Stream SM count: 108
- Cumsum input type: <class 'list'>
qo_indicies device: cuda:0, shape: torch.Size([2])
kv_indptr device: cuda:0, shape: torch.Size([2])
kv_indices device: cuda:0, shape: torch.Size([10240])
kv_last_page_len: tensor([16], device='cuda:0', dtype=torch.int32)
page_size: 16
new_tokens:  [(44, [13])]
total_batch_size:  128

Pipeline update:
- Stream name: TEST_TOTAL
- Is profile: True
- Decode batch size: 0
- Stream SM count: 108
- Cumsum input type: <class 'list'>
qo_indicies device: cuda:0, shape: torch.Size([2])
kv_indptr device: cuda:0, shape: torch.Size([2])
kv_indices device: cuda:0, shape: torch.Size([10240])
kv_last_page_len: tensor([16], device='cuda:0', dtype=torch.int32)
page_size: 16
new_tokens:  [(45, [13])]
total_batch_size:  128

Pipeline update:
- Stream name: TEST_TOTAL
- Is profile: True
- Decode batch size: 0
- Stream SM count: 108
- Cumsum input type: <class 'list'>
qo_indicies device: cuda:0, shape: torch.Size([2])
kv_indptr device: cuda:0, shape: torch.Size([2])
kv_indices device: cuda:0, shape: torch.Size([10240])
kv_last_page_len: tensor([16], device='cuda:0', dtype=torch.int32)
page_size: 16
new_tokens:  [(46, [13])]
total_batch_size:  128

Pipeline update:
- Stream name: TEST_TOTAL
- Is profile: True
- Decode batch size: 0
- Stream SM count: 108
- Cumsum input type: <class 'list'>
qo_indicies device: cuda:0, shape: torch.Size([2])
kv_indptr device: cuda:0, shape: torch.Size([2])
kv_indices device: cuda:0, shape: torch.Size([10240])
kv_last_page_len: tensor([16], device='cuda:0', dtype=torch.int32)
page_size: 16
new_tokens:  [(47, [13])]
total_batch_size:  128

Pipeline update:
- Stream name: TEST_TOTAL
- Is profile: True
- Decode batch size: 0
- Stream SM count: 108
- Cumsum input type: <class 'list'>
qo_indicies device: cuda:0, shape: torch.Size([2])
kv_indptr device: cuda:0, shape: torch.Size([2])
kv_indices device: cuda:0, shape: torch.Size([10240])
kv_last_page_len: tensor([16], device='cuda:0', dtype=torch.int32)
page_size: 16
new_tokens:  [(48, [13])]
total_batch_size:  128

Pipeline update:
- Stream name: TEST_TOTAL
- Is profile: True
- Decode batch size: 0
- Stream SM count: 108
- Cumsum input type: <class 'list'>
qo_indicies device: cuda:0, shape: torch.Size([2])
kv_indptr device: cuda:0, shape: torch.Size([2])
kv_indices device: cuda:0, shape: torch.Size([10240])
kv_last_page_len: tensor([16], device='cuda:0', dtype=torch.int32)
page_size: 16
new_tokens:  [(49, [13])]
total_batch_size:  128

Pipeline update:
- Stream name: TEST_TOTAL
- Is profile: True
- Decode batch size: 0
- Stream SM count: 108
- Cumsum input type: <class 'list'>
qo_indicies device: cuda:0, shape: torch.Size([2])
kv_indptr device: cuda:0, shape: torch.Size([2])
kv_indices device: cuda:0, shape: torch.Size([10240])
kv_last_page_len: tensor([16], device='cuda:0', dtype=torch.int32)
page_size: 16
new_tokens:  [(50, [13])]
total_batch_size:  128

Pipeline update:
- Stream name: TEST_TOTAL
- Is profile: True
- Decode batch size: 0
- Stream SM count: 108
- Cumsum input type: <class 'list'>
qo_indicies device: cuda:0, shape: torch.Size([2])
kv_indptr device: cuda:0, shape: torch.Size([2])
kv_indices device: cuda:0, shape: torch.Size([10240])
kv_last_page_len: tensor([16], device='cuda:0', dtype=torch.int32)
page_size: 16
new_tokens:  [(51, [13])]
total_batch_size:  128

Pipeline update:
- Stream name: TEST_TOTAL
- Is profile: True
- Decode batch size: 0
- Stream SM count: 108
- Cumsum input type: <class 'list'>
qo_indicies device: cuda:0, shape: torch.Size([2])
kv_indptr device: cuda:0, shape: torch.Size([2])
kv_indices device: cuda:0, shape: torch.Size([10240])
kv_last_page_len: tensor([16], device='cuda:0', dtype=torch.int32)
page_size: 16
new_tokens:  [(52, [13])]
total_batch_size:  128

Pipeline update:
- Stream name: TEST_TOTAL
- Is profile: True
- Decode batch size: 0
- Stream SM count: 108
- Cumsum input type: <class 'list'>
qo_indicies device: cuda:0, shape: torch.Size([2])
kv_indptr device: cuda:0, shape: torch.Size([2])
kv_indices device: cuda:0, shape: torch.Size([10240])
kv_last_page_len: tensor([16], device='cuda:0', dtype=torch.int32)
page_size: 16
new_tokens:  [(53, [13])]
total_batch_size:  128

Pipeline update:
- Stream name: TEST_TOTAL
- Is profile: True
- Decode batch size: 0
- Stream SM count: 108
- Cumsum input type: <class 'list'>
qo_indicies device: cuda:0, shape: torch.Size([2])
kv_indptr device: cuda:0, shape: torch.Size([2])
kv_indices device: cuda:0, shape: torch.Size([10240])
kv_last_page_len: tensor([16], device='cuda:0', dtype=torch.int32)
page_size: 16
new_tokens:  [(54, [13])]
total_batch_size:  128

Pipeline update:
- Stream name: TEST_TOTAL
- Is profile: True
- Decode batch size: 0
- Stream SM count: 108
- Cumsum input type: <class 'list'>
qo_indicies device: cuda:0, shape: torch.Size([2])
kv_indptr device: cuda:0, shape: torch.Size([2])
kv_indices device: cuda:0, shape: torch.Size([10240])
kv_last_page_len: tensor([16], device='cuda:0', dtype=torch.int32)
page_size: 16
new_tokens:  [(55, [13])]
total_batch_size:  128

Pipeline update:
- Stream name: TEST_TOTAL
- Is profile: True
- Decode batch size: 0
- Stream SM count: 108
- Cumsum input type: <class 'list'>
qo_indicies device: cuda:0, shape: torch.Size([2])
kv_indptr device: cuda:0, shape: torch.Size([2])
kv_indices device: cuda:0, shape: torch.Size([10240])
kv_last_page_len: tensor([16], device='cuda:0', dtype=torch.int32)
page_size: 16
new_tokens:  [(56, [13])]
total_batch_size:  128

Pipeline update:
- Stream name: TEST_TOTAL
- Is profile: True
- Decode batch size: 0
- Stream SM count: 108
- Cumsum input type: <class 'list'>
qo_indicies device: cuda:0, shape: torch.Size([2])
kv_indptr device: cuda:0, shape: torch.Size([2])
kv_indices device: cuda:0, shape: torch.Size([10240])
kv_last_page_len: tensor([16], device='cuda:0', dtype=torch.int32)
page_size: 16
new_tokens:  [(57, [13])]
total_batch_size:  128

Pipeline update:
- Stream name: TEST_TOTAL
- Is profile: True
- Decode batch size: 0
- Stream SM count: 108
- Cumsum input type: <class 'list'>
qo_indicies device: cuda:0, shape: torch.Size([2])
kv_indptr device: cuda:0, shape: torch.Size([2])
kv_indices device: cuda:0, shape: torch.Size([10240])
kv_last_page_len: tensor([16], device='cuda:0', dtype=torch.int32)
page_size: 16
new_tokens:  [(58, [13])]
total_batch_size:  128

Pipeline update:
- Stream name: TEST_TOTAL
- Is profile: True
- Decode batch size: 0
- Stream SM count: 108
- Cumsum input type: <class 'list'>
qo_indicies device: cuda:0, shape: torch.Size([2])
kv_indptr device: cuda:0, shape: torch.Size([2])
kv_indices device: cuda:0, shape: torch.Size([10240])
kv_last_page_len: tensor([16], device='cuda:0', dtype=torch.int32)
page_size: 16
new_tokens:  [(59, [13])]
total_batch_size:  128

Pipeline update:
- Stream name: TEST_TOTAL
- Is profile: True
- Decode batch size: 0
- Stream SM count: 108
- Cumsum input type: <class 'list'>
qo_indicies device: cuda:0, shape: torch.Size([2])
kv_indptr device: cuda:0, shape: torch.Size([2])
kv_indices device: cuda:0, shape: torch.Size([10240])
kv_last_page_len: tensor([16], device='cuda:0', dtype=torch.int32)
page_size: 16
new_tokens:  [(60, [13])]
total_batch_size:  128

Pipeline update:
- Stream name: TEST_TOTAL
- Is profile: True
- Decode batch size: 0
- Stream SM count: 108
- Cumsum input type: <class 'list'>
qo_indicies device: cuda:0, shape: torch.Size([2])
kv_indptr device: cuda:0, shape: torch.Size([2])
kv_indices device: cuda:0, shape: torch.Size([10240])
kv_last_page_len: tensor([16], device='cuda:0', dtype=torch.int32)
page_size: 16
new_tokens:  [(61, [13])]
total_batch_size:  128

Pipeline update:
- Stream name: TEST_TOTAL
- Is profile: True
- Decode batch size: 0
- Stream SM count: 108
- Cumsum input type: <class 'list'>
qo_indicies device: cuda:0, shape: torch.Size([2])
kv_indptr device: cuda:0, shape: torch.Size([2])
kv_indices device: cuda:0, shape: torch.Size([10240])
kv_last_page_len: tensor([16], device='cuda:0', dtype=torch.int32)
page_size: 16
new_tokens:  [(62, [13])]
total_batch_size:  128

Pipeline update:
- Stream name: TEST_TOTAL
- Is profile: True
- Decode batch size: 0
- Stream SM count: 108
- Cumsum input type: <class 'list'>
qo_indicies device: cuda:0, shape: torch.Size([2])
kv_indptr device: cuda:0, shape: torch.Size([2])
kv_indices device: cuda:0, shape: torch.Size([10240])
kv_last_page_len: tensor([16], device='cuda:0', dtype=torch.int32)
page_size: 16
new_tokens:  [(63, [13])]
total_batch_size:  128

Pipeline update:
- Stream name: TEST_TOTAL
- Is profile: True
- Decode batch size: 0
- Stream SM count: 108
- Cumsum input type: <class 'list'>
qo_indicies device: cuda:0, shape: torch.Size([2])
kv_indptr device: cuda:0, shape: torch.Size([2])
kv_indices device: cuda:0, shape: torch.Size([10240])
kv_last_page_len: tensor([16], device='cuda:0', dtype=torch.int32)
page_size: 16
new_tokens:  [(64, [13])]
total_batch_size:  128

Pipeline update:
- Stream name: TEST_TOTAL
- Is profile: True
- Decode batch size: 0
- Stream SM count: 108
- Cumsum input type: <class 'list'>
qo_indicies device: cuda:0, shape: torch.Size([2])
kv_indptr device: cuda:0, shape: torch.Size([2])
kv_indices device: cuda:0, shape: torch.Size([10240])
kv_last_page_len: tensor([16], device='cuda:0', dtype=torch.int32)
page_size: 16
new_tokens:  [(65, [13])]
total_batch_size:  128

Pipeline update:
- Stream name: TEST_TOTAL
- Is profile: True
- Decode batch size: 0
- Stream SM count: 108
- Cumsum input type: <class 'list'>
qo_indicies device: cuda:0, shape: torch.Size([2])
kv_indptr device: cuda:0, shape: torch.Size([2])
kv_indices device: cuda:0, shape: torch.Size([10240])
kv_last_page_len: tensor([16], device='cuda:0', dtype=torch.int32)
page_size: 16
new_tokens:  [(66, [13])]
total_batch_size:  128

Pipeline update:
- Stream name: TEST_TOTAL
- Is profile: True
- Decode batch size: 0
- Stream SM count: 108
- Cumsum input type: <class 'list'>
qo_indicies device: cuda:0, shape: torch.Size([2])
kv_indptr device: cuda:0, shape: torch.Size([2])
kv_indices device: cuda:0, shape: torch.Size([10240])
kv_last_page_len: tensor([16], device='cuda:0', dtype=torch.int32)
page_size: 16
new_tokens:  [(67, [13])]
total_batch_size:  128

Pipeline update:
- Stream name: TEST_TOTAL
- Is profile: True
- Decode batch size: 0
- Stream SM count: 108
- Cumsum input type: <class 'list'>
qo_indicies device: cuda:0, shape: torch.Size([2])
kv_indptr device: cuda:0, shape: torch.Size([2])
kv_indices device: cuda:0, shape: torch.Size([10240])
kv_last_page_len: tensor([16], device='cuda:0', dtype=torch.int32)
page_size: 16
new_tokens:  [(68, [13])]
total_batch_size:  128

Pipeline update:
- Stream name: TEST_TOTAL
- Is profile: True
- Decode batch size: 0
- Stream SM count: 108
- Cumsum input type: <class 'list'>
qo_indicies device: cuda:0, shape: torch.Size([2])
kv_indptr device: cuda:0, shape: torch.Size([2])
kv_indices device: cuda:0, shape: torch.Size([10240])
kv_last_page_len: tensor([16], device='cuda:0', dtype=torch.int32)
page_size: 16
new_tokens:  [(69, [13])]
total_batch_size:  128

Pipeline update:
- Stream name: TEST_TOTAL
- Is profile: True
- Decode batch size: 0
- Stream SM count: 108
- Cumsum input type: <class 'list'>
qo_indicies device: cuda:0, shape: torch.Size([2])
kv_indptr device: cuda:0, shape: torch.Size([2])
kv_indices device: cuda:0, shape: torch.Size([10240])
kv_last_page_len: tensor([16], device='cuda:0', dtype=torch.int32)
page_size: 16
new_tokens:  [(70, [13])]
total_batch_size:  128

Pipeline update:
- Stream name: TEST_TOTAL
- Is profile: True
- Decode batch size: 0
- Stream SM count: 108
- Cumsum input type: <class 'list'>
qo_indicies device: cuda:0, shape: torch.Size([2])
kv_indptr device: cuda:0, shape: torch.Size([2])
kv_indices device: cuda:0, shape: torch.Size([10240])
kv_last_page_len: tensor([16], device='cuda:0', dtype=torch.int32)
page_size: 16
new_tokens:  [(71, [13])]
total_batch_size:  128

Pipeline update:
- Stream name: TEST_TOTAL
- Is profile: True
- Decode batch size: 0
- Stream SM count: 108
- Cumsum input type: <class 'list'>
qo_indicies device: cuda:0, shape: torch.Size([2])
kv_indptr device: cuda:0, shape: torch.Size([2])
kv_indices device: cuda:0, shape: torch.Size([10240])
kv_last_page_len: tensor([16], device='cuda:0', dtype=torch.int32)
page_size: 16
new_tokens:  [(72, [13])]
total_batch_size:  128

Pipeline update:
- Stream name: TEST_TOTAL
- Is profile: True
- Decode batch size: 0
- Stream SM count: 108
- Cumsum input type: <class 'list'>
qo_indicies device: cuda:0, shape: torch.Size([2])
kv_indptr device: cuda:0, shape: torch.Size([2])
kv_indices device: cuda:0, shape: torch.Size([10240])
kv_last_page_len: tensor([16], device='cuda:0', dtype=torch.int32)
page_size: 16
new_tokens:  [(73, [13])]
total_batch_size:  128

Pipeline update:
- Stream name: TEST_TOTAL
- Is profile: True
- Decode batch size: 0
- Stream SM count: 108
- Cumsum input type: <class 'list'>
qo_indicies device: cuda:0, shape: torch.Size([2])
kv_indptr device: cuda:0, shape: torch.Size([2])
kv_indices device: cuda:0, shape: torch.Size([10240])
kv_last_page_len: tensor([16], device='cuda:0', dtype=torch.int32)
page_size: 16
new_tokens:  [(74, [13])]
total_batch_size:  128

Pipeline update:
- Stream name: TEST_TOTAL
- Is profile: True
- Decode batch size: 0
- Stream SM count: 108
- Cumsum input type: <class 'list'>
qo_indicies device: cuda:0, shape: torch.Size([2])
kv_indptr device: cuda:0, shape: torch.Size([2])
kv_indices device: cuda:0, shape: torch.Size([10240])
kv_last_page_len: tensor([16], device='cuda:0', dtype=torch.int32)
page_size: 16
new_tokens:  [(75, [13])]
total_batch_size:  128

Pipeline update:
- Stream name: TEST_TOTAL
- Is profile: True
- Decode batch size: 0
- Stream SM count: 108
- Cumsum input type: <class 'list'>
qo_indicies device: cuda:0, shape: torch.Size([2])
kv_indptr device: cuda:0, shape: torch.Size([2])
kv_indices device: cuda:0, shape: torch.Size([10240])
kv_last_page_len: tensor([16], device='cuda:0', dtype=torch.int32)
page_size: 16
new_tokens:  [(76, [13])]
total_batch_size:  128

Pipeline update:
- Stream name: TEST_TOTAL
- Is profile: True
- Decode batch size: 0
- Stream SM count: 108
- Cumsum input type: <class 'list'>
qo_indicies device: cuda:0, shape: torch.Size([2])
kv_indptr device: cuda:0, shape: torch.Size([2])
kv_indices device: cuda:0, shape: torch.Size([10240])
kv_last_page_len: tensor([16], device='cuda:0', dtype=torch.int32)
page_size: 16
new_tokens:  [(77, [13])]
total_batch_size:  128

Pipeline update:
- Stream name: TEST_TOTAL
- Is profile: True
- Decode batch size: 0
- Stream SM count: 108
- Cumsum input type: <class 'list'>
qo_indicies device: cuda:0, shape: torch.Size([2])
kv_indptr device: cuda:0, shape: torch.Size([2])
kv_indices device: cuda:0, shape: torch.Size([10240])
kv_last_page_len: tensor([16], device='cuda:0', dtype=torch.int32)
page_size: 16
new_tokens:  [(78, [13])]
total_batch_size:  128

Pipeline update:
- Stream name: TEST_TOTAL
- Is profile: True
- Decode batch size: 0
- Stream SM count: 108
- Cumsum input type: <class 'list'>
qo_indicies device: cuda:0, shape: torch.Size([2])
kv_indptr device: cuda:0, shape: torch.Size([2])
kv_indices device: cuda:0, shape: torch.Size([10240])
kv_last_page_len: tensor([16], device='cuda:0', dtype=torch.int32)
page_size: 16
new_tokens:  [(79, [13])]
total_batch_size:  128

Pipeline update:
- Stream name: TEST_TOTAL
- Is profile: True
- Decode batch size: 0
- Stream SM count: 108
- Cumsum input type: <class 'list'>
qo_indicies device: cuda:0, shape: torch.Size([2])
kv_indptr device: cuda:0, shape: torch.Size([2])
kv_indices device: cuda:0, shape: torch.Size([10240])
kv_last_page_len: tensor([16], device='cuda:0', dtype=torch.int32)
page_size: 16
new_tokens:  [(80, [13])]
total_batch_size:  128

Pipeline update:
- Stream name: TEST_TOTAL
- Is profile: True
- Decode batch size: 0
- Stream SM count: 108
- Cumsum input type: <class 'list'>
qo_indicies device: cuda:0, shape: torch.Size([2])
kv_indptr device: cuda:0, shape: torch.Size([2])
kv_indices device: cuda:0, shape: torch.Size([10240])
kv_last_page_len: tensor([16], device='cuda:0', dtype=torch.int32)
page_size: 16
new_tokens:  [(81, [13])]
total_batch_size:  128

Pipeline update:
- Stream name: TEST_TOTAL
- Is profile: True
- Decode batch size: 0
- Stream SM count: 108
- Cumsum input type: <class 'list'>
qo_indicies device: cuda:0, shape: torch.Size([2])
kv_indptr device: cuda:0, shape: torch.Size([2])
kv_indices device: cuda:0, shape: torch.Size([10240])
kv_last_page_len: tensor([16], device='cuda:0', dtype=torch.int32)
page_size: 16
new_tokens:  [(82, [13])]
total_batch_size:  128

Pipeline update:
- Stream name: TEST_TOTAL
- Is profile: True
- Decode batch size: 0
- Stream SM count: 108
- Cumsum input type: <class 'list'>
qo_indicies device: cuda:0, shape: torch.Size([2])
kv_indptr device: cuda:0, shape: torch.Size([2])
kv_indices device: cuda:0, shape: torch.Size([10240])
kv_last_page_len: tensor([16], device='cuda:0', dtype=torch.int32)
page_size: 16
new_tokens:  [(83, [13])]
total_batch_size:  128

Pipeline update:
- Stream name: TEST_TOTAL
- Is profile: True
- Decode batch size: 0
- Stream SM count: 108
- Cumsum input type: <class 'list'>
qo_indicies device: cuda:0, shape: torch.Size([2])
kv_indptr device: cuda:0, shape: torch.Size([2])
kv_indices device: cuda:0, shape: torch.Size([10240])
kv_last_page_len: tensor([16], device='cuda:0', dtype=torch.int32)
page_size: 16
new_tokens:  [(84, [13])]
total_batch_size:  128

Pipeline update:
- Stream name: TEST_TOTAL
- Is profile: True
- Decode batch size: 0
- Stream SM count: 108
- Cumsum input type: <class 'list'>
qo_indicies device: cuda:0, shape: torch.Size([2])
kv_indptr device: cuda:0, shape: torch.Size([2])
kv_indices device: cuda:0, shape: torch.Size([10240])
kv_last_page_len: tensor([16], device='cuda:0', dtype=torch.int32)
page_size: 16
new_tokens:  [(85, [13])]
total_batch_size:  128

Pipeline update:
- Stream name: TEST_TOTAL
- Is profile: True
- Decode batch size: 0
- Stream SM count: 108
- Cumsum input type: <class 'list'>
qo_indicies device: cuda:0, shape: torch.Size([2])
kv_indptr device: cuda:0, shape: torch.Size([2])
kv_indices device: cuda:0, shape: torch.Size([10240])
kv_last_page_len: tensor([16], device='cuda:0', dtype=torch.int32)
page_size: 16
new_tokens:  [(86, [13])]
total_batch_size:  128

Pipeline update:
- Stream name: TEST_TOTAL
- Is profile: True
- Decode batch size: 0
- Stream SM count: 108
- Cumsum input type: <class 'list'>
qo_indicies device: cuda:0, shape: torch.Size([2])
kv_indptr device: cuda:0, shape: torch.Size([2])
kv_indices device: cuda:0, shape: torch.Size([10240])
kv_last_page_len: tensor([16], device='cuda:0', dtype=torch.int32)
page_size: 16
new_tokens:  [(87, [13])]
total_batch_size:  128

Pipeline update:
- Stream name: TEST_TOTAL
- Is profile: True
- Decode batch size: 0
- Stream SM count: 108
- Cumsum input type: <class 'list'>
qo_indicies device: cuda:0, shape: torch.Size([2])
kv_indptr device: cuda:0, shape: torch.Size([2])
kv_indices device: cuda:0, shape: torch.Size([10240])
kv_last_page_len: tensor([16], device='cuda:0', dtype=torch.int32)
page_size: 16
new_tokens:  [(88, [13])]
total_batch_size:  128

Pipeline update:
- Stream name: TEST_TOTAL
- Is profile: True
- Decode batch size: 0
- Stream SM count: 108
- Cumsum input type: <class 'list'>
qo_indicies device: cuda:0, shape: torch.Size([2])
kv_indptr device: cuda:0, shape: torch.Size([2])
kv_indices device: cuda:0, shape: torch.Size([10240])
kv_last_page_len: tensor([16], device='cuda:0', dtype=torch.int32)
page_size: 16
new_tokens:  [(89, [13])]
total_batch_size:  128

Pipeline update:
- Stream name: TEST_TOTAL
- Is profile: True
- Decode batch size: 0
- Stream SM count: 108
- Cumsum input type: <class 'list'>
qo_indicies device: cuda:0, shape: torch.Size([2])
kv_indptr device: cuda:0, shape: torch.Size([2])
kv_indices device: cuda:0, shape: torch.Size([10240])
kv_last_page_len: tensor([16], device='cuda:0', dtype=torch.int32)
page_size: 16
new_tokens:  [(90, [13])]
total_batch_size:  128

Pipeline update:
- Stream name: TEST_TOTAL
- Is profile: True
- Decode batch size: 0
- Stream SM count: 108
- Cumsum input type: <class 'list'>
qo_indicies device: cuda:0, shape: torch.Size([2])
kv_indptr device: cuda:0, shape: torch.Size([2])
kv_indices device: cuda:0, shape: torch.Size([10240])
kv_last_page_len: tensor([16], device='cuda:0', dtype=torch.int32)
page_size: 16
new_tokens:  [(91, [13])]
total_batch_size:  128

Pipeline update:
- Stream name: TEST_TOTAL
- Is profile: True
- Decode batch size: 0
- Stream SM count: 108
- Cumsum input type: <class 'list'>
qo_indicies device: cuda:0, shape: torch.Size([2])
kv_indptr device: cuda:0, shape: torch.Size([2])
kv_indices device: cuda:0, shape: torch.Size([10240])
kv_last_page_len: tensor([16], device='cuda:0', dtype=torch.int32)
page_size: 16
new_tokens:  [(92, [13])]
total_batch_size:  128

Pipeline update:
- Stream name: TEST_TOTAL
- Is profile: True
- Decode batch size: 0
- Stream SM count: 108
- Cumsum input type: <class 'list'>
qo_indicies device: cuda:0, shape: torch.Size([2])
kv_indptr device: cuda:0, shape: torch.Size([2])
kv_indices device: cuda:0, shape: torch.Size([10240])
kv_last_page_len: tensor([16], device='cuda:0', dtype=torch.int32)
page_size: 16
new_tokens:  [(93, [13])]
total_batch_size:  128

Pipeline update:
- Stream name: TEST_TOTAL
- Is profile: True
- Decode batch size: 0
- Stream SM count: 108
- Cumsum input type: <class 'list'>
qo_indicies device: cuda:0, shape: torch.Size([2])
kv_indptr device: cuda:0, shape: torch.Size([2])
kv_indices device: cuda:0, shape: torch.Size([10240])
kv_last_page_len: tensor([16], device='cuda:0', dtype=torch.int32)
page_size: 16
new_tokens:  [(94, [13])]
total_batch_size:  128

Pipeline update:
- Stream name: TEST_TOTAL
- Is profile: True
- Decode batch size: 0
- Stream SM count: 108
- Cumsum input type: <class 'list'>
qo_indicies device: cuda:0, shape: torch.Size([2])
kv_indptr device: cuda:0, shape: torch.Size([2])
kv_indices device: cuda:0, shape: torch.Size([10240])
kv_last_page_len: tensor([16], device='cuda:0', dtype=torch.int32)
page_size: 16
new_tokens:  [(95, [13])]
total_batch_size:  128

Pipeline update:
- Stream name: TEST_TOTAL
- Is profile: True
- Decode batch size: 0
- Stream SM count: 108
- Cumsum input type: <class 'list'>
qo_indicies device: cuda:0, shape: torch.Size([2])
kv_indptr device: cuda:0, shape: torch.Size([2])
kv_indices device: cuda:0, shape: torch.Size([10240])
kv_last_page_len: tensor([16], device='cuda:0', dtype=torch.int32)
page_size: 16
new_tokens:  [(96, [13])]
total_batch_size:  128

Pipeline update:
- Stream name: TEST_TOTAL
- Is profile: True
- Decode batch size: 0
- Stream SM count: 108
- Cumsum input type: <class 'list'>
qo_indicies device: cuda:0, shape: torch.Size([2])
kv_indptr device: cuda:0, shape: torch.Size([2])
kv_indices device: cuda:0, shape: torch.Size([10240])
kv_last_page_len: tensor([16], device='cuda:0', dtype=torch.int32)
page_size: 16
new_tokens:  [(97, [13])]
total_batch_size:  128

Pipeline update:
- Stream name: TEST_TOTAL
- Is profile: True
- Decode batch size: 0
- Stream SM count: 108
- Cumsum input type: <class 'list'>
qo_indicies device: cuda:0, shape: torch.Size([2])
kv_indptr device: cuda:0, shape: torch.Size([2])
kv_indices device: cuda:0, shape: torch.Size([10240])
kv_last_page_len: tensor([16], device='cuda:0', dtype=torch.int32)
page_size: 16
new_tokens:  [(98, [13])]
total_batch_size:  128

Pipeline update:
- Stream name: TEST_TOTAL
- Is profile: True
- Decode batch size: 0
- Stream SM count: 108
- Cumsum input type: <class 'list'>
qo_indicies device: cuda:0, shape: torch.Size([2])
kv_indptr device: cuda:0, shape: torch.Size([2])
kv_indices device: cuda:0, shape: torch.Size([10240])
kv_last_page_len: tensor([16], device='cuda:0', dtype=torch.int32)
page_size: 16
new_tokens:  [(99, [13])]
total_batch_size:  128

Pipeline update:
- Stream name: TEST_TOTAL
- Is profile: True
- Decode batch size: 0
- Stream SM count: 108
- Cumsum input type: <class 'list'>
qo_indicies device: cuda:0, shape: torch.Size([2])
kv_indptr device: cuda:0, shape: torch.Size([2])
kv_indices device: cuda:0, shape: torch.Size([10240])
kv_last_page_len: tensor([16], device='cuda:0', dtype=torch.int32)
page_size: 16
new_tokens:  [(100, [13])]
total_batch_size:  128

Pipeline update:
- Stream name: TEST_TOTAL
- Is profile: True
- Decode batch size: 0
- Stream SM count: 108
- Cumsum input type: <class 'list'>
qo_indicies device: cuda:0, shape: torch.Size([2])
kv_indptr device: cuda:0, shape: torch.Size([2])
kv_indices device: cuda:0, shape: torch.Size([10240])
kv_last_page_len: tensor([16], device='cuda:0', dtype=torch.int32)
page_size: 16
new_tokens:  [(101, [13])]
total_batch_size:  128

Pipeline update:
- Stream name: TEST_TOTAL
- Is profile: True
- Decode batch size: 0
- Stream SM count: 108
- Cumsum input type: <class 'list'>
qo_indicies device: cuda:0, shape: torch.Size([2])
kv_indptr device: cuda:0, shape: torch.Size([2])
kv_indices device: cuda:0, shape: torch.Size([10240])
kv_last_page_len: tensor([16], device='cuda:0', dtype=torch.int32)
page_size: 16
new_tokens:  [(102, [13])]
total_batch_size:  128

Pipeline update:
- Stream name: TEST_TOTAL
- Is profile: True
- Decode batch size: 0
- Stream SM count: 108
- Cumsum input type: <class 'list'>
qo_indicies device: cuda:0, shape: torch.Size([2])
kv_indptr device: cuda:0, shape: torch.Size([2])
kv_indices device: cuda:0, shape: torch.Size([10240])
kv_last_page_len: tensor([16], device='cuda:0', dtype=torch.int32)
page_size: 16
new_tokens:  [(103, [13])]
total_batch_size:  128

Pipeline update:
- Stream name: TEST_TOTAL
- Is profile: True
- Decode batch size: 0
- Stream SM count: 108
- Cumsum input type: <class 'list'>
qo_indicies device: cuda:0, shape: torch.Size([2])
kv_indptr device: cuda:0, shape: torch.Size([2])
kv_indices device: cuda:0, shape: torch.Size([10240])
kv_last_page_len: tensor([16], device='cuda:0', dtype=torch.int32)
page_size: 16
new_tokens:  [(104, [13])]
total_batch_size:  128

Pipeline update:
- Stream name: TEST_TOTAL
- Is profile: True
- Decode batch size: 0
- Stream SM count: 108
- Cumsum input type: <class 'list'>
qo_indicies device: cuda:0, shape: torch.Size([2])
kv_indptr device: cuda:0, shape: torch.Size([2])
kv_indices device: cuda:0, shape: torch.Size([10240])
kv_last_page_len: tensor([16], device='cuda:0', dtype=torch.int32)
page_size: 16
new_tokens:  [(105, [13])]
total_batch_size:  128

Pipeline update:
- Stream name: TEST_TOTAL
- Is profile: True
- Decode batch size: 0
- Stream SM count: 108
- Cumsum input type: <class 'list'>
qo_indicies device: cuda:0, shape: torch.Size([2])
kv_indptr device: cuda:0, shape: torch.Size([2])
kv_indices device: cuda:0, shape: torch.Size([10240])
kv_last_page_len: tensor([16], device='cuda:0', dtype=torch.int32)
page_size: 16
new_tokens:  [(106, [13])]
total_batch_size:  128

Pipeline update:
- Stream name: TEST_TOTAL
- Is profile: True
- Decode batch size: 0
- Stream SM count: 108
- Cumsum input type: <class 'list'>
qo_indicies device: cuda:0, shape: torch.Size([2])
kv_indptr device: cuda:0, shape: torch.Size([2])
kv_indices device: cuda:0, shape: torch.Size([10240])
kv_last_page_len: tensor([16], device='cuda:0', dtype=torch.int32)
page_size: 16
new_tokens:  [(107, [13])]
total_batch_size:  128

Pipeline update:
- Stream name: TEST_TOTAL
- Is profile: True
- Decode batch size: 0
- Stream SM count: 108
- Cumsum input type: <class 'list'>
qo_indicies device: cuda:0, shape: torch.Size([2])
kv_indptr device: cuda:0, shape: torch.Size([2])
kv_indices device: cuda:0, shape: torch.Size([10240])
kv_last_page_len: tensor([16], device='cuda:0', dtype=torch.int32)
page_size: 16
new_tokens:  [(108, [13])]
total_batch_size:  128

Pipeline update:
- Stream name: TEST_TOTAL
- Is profile: True
- Decode batch size: 0
- Stream SM count: 108
- Cumsum input type: <class 'list'>
qo_indicies device: cuda:0, shape: torch.Size([2])
kv_indptr device: cuda:0, shape: torch.Size([2])
kv_indices device: cuda:0, shape: torch.Size([10240])
kv_last_page_len: tensor([16], device='cuda:0', dtype=torch.int32)
page_size: 16
new_tokens:  [(109, [13])]
total_batch_size:  128

Pipeline update:
- Stream name: TEST_TOTAL
- Is profile: True
- Decode batch size: 0
- Stream SM count: 108
- Cumsum input type: <class 'list'>
qo_indicies device: cuda:0, shape: torch.Size([2])
kv_indptr device: cuda:0, shape: torch.Size([2])
kv_indices device: cuda:0, shape: torch.Size([10240])
kv_last_page_len: tensor([16], device='cuda:0', dtype=torch.int32)
page_size: 16
new_tokens:  [(110, [13])]
total_batch_size:  128

Pipeline update:
- Stream name: TEST_TOTAL
- Is profile: True
- Decode batch size: 0
- Stream SM count: 108
- Cumsum input type: <class 'list'>
qo_indicies device: cuda:0, shape: torch.Size([2])
kv_indptr device: cuda:0, shape: torch.Size([2])
kv_indices device: cuda:0, shape: torch.Size([10240])
kv_last_page_len: tensor([16], device='cuda:0', dtype=torch.int32)
page_size: 16
new_tokens:  [(111, [13])]
total_batch_size:  128

Pipeline update:
- Stream name: TEST_TOTAL
- Is profile: True
- Decode batch size: 0
- Stream SM count: 108
- Cumsum input type: <class 'list'>
qo_indicies device: cuda:0, shape: torch.Size([2])
kv_indptr device: cuda:0, shape: torch.Size([2])
kv_indices device: cuda:0, shape: torch.Size([10240])
kv_last_page_len: tensor([16], device='cuda:0', dtype=torch.int32)
page_size: 16
new_tokens:  [(112, [13])]
total_batch_size:  128

Pipeline update:
- Stream name: TEST_TOTAL
- Is profile: True
- Decode batch size: 0
- Stream SM count: 108
- Cumsum input type: <class 'list'>
qo_indicies device: cuda:0, shape: torch.Size([2])
kv_indptr device: cuda:0, shape: torch.Size([2])
kv_indices device: cuda:0, shape: torch.Size([10240])
kv_last_page_len: tensor([16], device='cuda:0', dtype=torch.int32)
page_size: 16
new_tokens:  [(113, [13])]
total_batch_size:  128

Pipeline update:
- Stream name: TEST_TOTAL
- Is profile: True
- Decode batch size: 0
- Stream SM count: 108
- Cumsum input type: <class 'list'>
qo_indicies device: cuda:0, shape: torch.Size([2])
kv_indptr device: cuda:0, shape: torch.Size([2])
kv_indices device: cuda:0, shape: torch.Size([10240])
kv_last_page_len: tensor([16], device='cuda:0', dtype=torch.int32)
page_size: 16
new_tokens:  [(114, [13])]
total_batch_size:  128

Pipeline update:
- Stream name: TEST_TOTAL
- Is profile: True
- Decode batch size: 0
- Stream SM count: 108
- Cumsum input type: <class 'list'>
qo_indicies device: cuda:0, shape: torch.Size([2])
kv_indptr device: cuda:0, shape: torch.Size([2])
kv_indices device: cuda:0, shape: torch.Size([10240])
kv_last_page_len: tensor([16], device='cuda:0', dtype=torch.int32)
page_size: 16
new_tokens:  [(115, [13])]
total_batch_size:  128

Pipeline update:
- Stream name: TEST_TOTAL
- Is profile: True
- Decode batch size: 0
- Stream SM count: 108
- Cumsum input type: <class 'list'>
qo_indicies device: cuda:0, shape: torch.Size([2])
kv_indptr device: cuda:0, shape: torch.Size([2])
kv_indices device: cuda:0, shape: torch.Size([10240])
kv_last_page_len: tensor([16], device='cuda:0', dtype=torch.int32)
page_size: 16
new_tokens:  [(116, [13])]
total_batch_size:  128

Pipeline update:
- Stream name: TEST_TOTAL
- Is profile: True
- Decode batch size: 0
- Stream SM count: 108
- Cumsum input type: <class 'list'>
qo_indicies device: cuda:0, shape: torch.Size([2])
kv_indptr device: cuda:0, shape: torch.Size([2])
kv_indices device: cuda:0, shape: torch.Size([10240])
kv_last_page_len: tensor([16], device='cuda:0', dtype=torch.int32)
page_size: 16
new_tokens:  [(117, [13])]
total_batch_size:  128

Pipeline update:
- Stream name: TEST_TOTAL
- Is profile: True
- Decode batch size: 0
- Stream SM count: 108
- Cumsum input type: <class 'list'>
qo_indicies device: cuda:0, shape: torch.Size([2])
kv_indptr device: cuda:0, shape: torch.Size([2])
kv_indices device: cuda:0, shape: torch.Size([10240])
kv_last_page_len: tensor([16], device='cuda:0', dtype=torch.int32)
page_size: 16
new_tokens:  [(118, [13])]
total_batch_size:  128

Pipeline update:
- Stream name: TEST_TOTAL
- Is profile: True
- Decode batch size: 0
- Stream SM count: 108
- Cumsum input type: <class 'list'>
qo_indicies device: cuda:0, shape: torch.Size([2])
kv_indptr device: cuda:0, shape: torch.Size([2])
kv_indices device: cuda:0, shape: torch.Size([10240])
kv_last_page_len: tensor([16], device='cuda:0', dtype=torch.int32)
page_size: 16
new_tokens:  [(119, [13])]
total_batch_size:  128

Pipeline update:
- Stream name: TEST_TOTAL
- Is profile: True
- Decode batch size: 0
- Stream SM count: 108
- Cumsum input type: <class 'list'>
qo_indicies device: cuda:0, shape: torch.Size([2])
kv_indptr device: cuda:0, shape: torch.Size([2])
kv_indices device: cuda:0, shape: torch.Size([10240])
kv_last_page_len: tensor([16], device='cuda:0', dtype=torch.int32)
page_size: 16
new_tokens:  [(120, [13])]
total_batch_size:  128

Pipeline update:
- Stream name: TEST_TOTAL
- Is profile: True
- Decode batch size: 0
- Stream SM count: 108
- Cumsum input type: <class 'list'>
qo_indicies device: cuda:0, shape: torch.Size([2])
kv_indptr device: cuda:0, shape: torch.Size([2])
kv_indices device: cuda:0, shape: torch.Size([10240])
kv_last_page_len: tensor([16], device='cuda:0', dtype=torch.int32)
page_size: 16
new_tokens:  [(121, [13])]
total_batch_size:  128

Pipeline update:
- Stream name: TEST_TOTAL
- Is profile: True
- Decode batch size: 0
- Stream SM count: 108
- Cumsum input type: <class 'list'>
qo_indicies device: cuda:0, shape: torch.Size([2])
kv_indptr device: cuda:0, shape: torch.Size([2])
kv_indices device: cuda:0, shape: torch.Size([10240])
kv_last_page_len: tensor([16], device='cuda:0', dtype=torch.int32)
page_size: 16
new_tokens:  [(122, [13])]
total_batch_size:  128

Pipeline update:
- Stream name: TEST_TOTAL
- Is profile: True
- Decode batch size: 0
- Stream SM count: 108
- Cumsum input type: <class 'list'>
qo_indicies device: cuda:0, shape: torch.Size([2])
kv_indptr device: cuda:0, shape: torch.Size([2])
kv_indices device: cuda:0, shape: torch.Size([10240])
kv_last_page_len: tensor([16], device='cuda:0', dtype=torch.int32)
page_size: 16
new_tokens:  [(123, [13])]
total_batch_size:  128

Pipeline update:
- Stream name: TEST_TOTAL
- Is profile: True
- Decode batch size: 0
- Stream SM count: 108
- Cumsum input type: <class 'list'>
qo_indicies device: cuda:0, shape: torch.Size([2])
kv_indptr device: cuda:0, shape: torch.Size([2])
kv_indices device: cuda:0, shape: torch.Size([10240])
kv_last_page_len: tensor([16], device='cuda:0', dtype=torch.int32)
page_size: 16
new_tokens:  [(124, [13])]
total_batch_size:  128

Pipeline update:
- Stream name: TEST_TOTAL
- Is profile: True
- Decode batch size: 0
- Stream SM count: 108
- Cumsum input type: <class 'list'>
qo_indicies device: cuda:0, shape: torch.Size([2])
kv_indptr device: cuda:0, shape: torch.Size([2])
kv_indices device: cuda:0, shape: torch.Size([10240])
kv_last_page_len: tensor([16], device='cuda:0', dtype=torch.int32)
page_size: 16
new_tokens:  [(125, [13])]
total_batch_size:  128

Pipeline update:
- Stream name: TEST_TOTAL
- Is profile: True
- Decode batch size: 0
- Stream SM count: 108
- Cumsum input type: <class 'list'>
qo_indicies device: cuda:0, shape: torch.Size([2])
kv_indptr device: cuda:0, shape: torch.Size([2])
kv_indices device: cuda:0, shape: torch.Size([10240])
kv_last_page_len: tensor([16], device='cuda:0', dtype=torch.int32)
page_size: 16
new_tokens:  [(126, [13])]
total_batch_size:  128

Pipeline update:
- Stream name: TEST_TOTAL
- Is profile: True
- Decode batch size: 0
- Stream SM count: 108
- Cumsum input type: <class 'list'>
qo_indicies device: cuda:0, shape: torch.Size([2])
kv_indptr device: cuda:0, shape: torch.Size([2])
kv_indices device: cuda:0, shape: torch.Size([10240])
kv_last_page_len: tensor([16], device='cuda:0', dtype=torch.int32)
page_size: 16
new_tokens:  [(127, [13])]
total_batch_size:  128
Cycle:  0

Pipeline update:
- Stream name: TEST_0
- Is profile: True
- Decode batch size: 128
- Stream SM count: 8
- Cumsum input type: <class 'list'>
Total allocated size: 52758016
Allocation finished.
Total allocated: 50.31396484375 MB in cuda:0
Using implementation: torch
Operation name: GlobalInput
Operation name: GenEmbedding
Name: GenEmbedding, Category: torch, Batch Size: 128, SM Count: 8 already profiled.
Name: GenEmbedding, Category: cuda, Batch Size: 128, SM Count: 8 already profiled.
Operation name: LayerNormAttn
Name: LayerNormAttn, Category: torch, Batch Size: 128, SM Count: 8 already profiled.
Name: LayerNormAttn, Category: cuda, Batch Size: 128, SM Count: 8 already profiled.
Operation name: KQV
Name: KQV, Category: torch, Batch Size: 128, SM Count: 8 already profiled.
Operation name: RopeAppend
Name: RopeAppend, Category: cuda, Batch Size: 128, SM Count: 8 already profiled.
Operation name: DecAttn
Name: DecAttn, Category: batched_cuda, Batch Size: 128, Average Time: 0.1263308811187744 ms
seq_len: 256
Operation name: O
Name: O, Category: torch, Batch Size: 128, SM Count: 8 already profiled.
Operation name: LayerNormFFN
Name: LayerNormFFN, Category: torch, Batch Size: 128, SM Count: 8 already profiled.
Name: LayerNormFFN, Category: cuda, Batch Size: 128, SM Count: 8 already profiled.
Operation name: UG
Name: UG, Category: torch, Batch Size: 128, SM Count: 8 already profiled.
Operation name: Activation
Name: Activation, Category: torch, Batch Size: 128, SM Count: 8 already profiled.
Name: Activation, Category: cuda, Batch Size: 128, SM Count: 8 already profiled.
Operation name: D
Name: D, Category: torch, Batch Size: 128, SM Count: 8 already profiled.
Operation name: ModelLayerNorm
Name: ModelLayerNorm, Category: torch, Batch Size: 128, SM Count: 8 already profiled.
Name: ModelLayerNorm, Category: cuda, Batch Size: 128, SM Count: 8 already profiled.
Operation name: GetLogits
Name: GetLogits, Category: torch, Batch Size: 128, SM Count: 8 already profiled.
Operation name: Sampling
Name: Sampling, Category: torch, Batch Size: 128, SM Count: 8 already profiled.
Name: Sampling, Category: cuda, Batch Size: 128, SM Count: 8 already profiled.
Operation name: GlobalOutput

Pipeline update:
- Stream name: TEST_TOTAL
- Is profile: True
- Decode batch size: 0
- Stream SM count: 108
- Cumsum input type: <class 'list'>
Total allocated size: 105516032
Allocation finished.
Total allocated: 100.6279296875 MB in cuda:0
Using implementation: torch
qo_indicies device: cuda:0, shape: torch.Size([2])
kv_indptr device: cuda:0, shape: torch.Size([2])
kv_indices device: cuda:0, shape: torch.Size([10240])
kv_last_page_len: tensor([16], device='cuda:0', dtype=torch.int32)
page_size: 16
new_tokens:  [(0, [13])]
total_batch_size:  256

Pipeline update:
- Stream name: TEST_TOTAL
- Is profile: True
- Decode batch size: 0
- Stream SM count: 108
- Cumsum input type: <class 'list'>
qo_indicies device: cuda:0, shape: torch.Size([2])
kv_indptr device: cuda:0, shape: torch.Size([2])
kv_indices device: cuda:0, shape: torch.Size([10240])
kv_last_page_len: tensor([16], device='cuda:0', dtype=torch.int32)
page_size: 16
new_tokens:  [(1, [13])]
total_batch_size:  256

Pipeline update:
- Stream name: TEST_TOTAL
- Is profile: True
- Decode batch size: 0
- Stream SM count: 108
- Cumsum input type: <class 'list'>
qo_indicies device: cuda:0, shape: torch.Size([2])
kv_indptr device: cuda:0, shape: torch.Size([2])
kv_indices device: cuda:0, shape: torch.Size([10240])
kv_last_page_len: tensor([16], device='cuda:0', dtype=torch.int32)
page_size: 16
new_tokens:  [(2, [13])]
total_batch_size:  256

Pipeline update:
- Stream name: TEST_TOTAL
- Is profile: True
- Decode batch size: 0
- Stream SM count: 108
- Cumsum input type: <class 'list'>
qo_indicies device: cuda:0, shape: torch.Size([2])
kv_indptr device: cuda:0, shape: torch.Size([2])
kv_indices device: cuda:0, shape: torch.Size([10240])
kv_last_page_len: tensor([16], device='cuda:0', dtype=torch.int32)
page_size: 16
new_tokens:  [(3, [13])]
total_batch_size:  256

Pipeline update:
- Stream name: TEST_TOTAL
- Is profile: True
- Decode batch size: 0
- Stream SM count: 108
- Cumsum input type: <class 'list'>
qo_indicies device: cuda:0, shape: torch.Size([2])
kv_indptr device: cuda:0, shape: torch.Size([2])
kv_indices device: cuda:0, shape: torch.Size([10240])
kv_last_page_len: tensor([16], device='cuda:0', dtype=torch.int32)
page_size: 16
new_tokens:  [(4, [13])]
total_batch_size:  256

Pipeline update:
- Stream name: TEST_TOTAL
- Is profile: True
- Decode batch size: 0
- Stream SM count: 108
- Cumsum input type: <class 'list'>
qo_indicies device: cuda:0, shape: torch.Size([2])
kv_indptr device: cuda:0, shape: torch.Size([2])
kv_indices device: cuda:0, shape: torch.Size([10240])
kv_last_page_len: tensor([16], device='cuda:0', dtype=torch.int32)
page_size: 16
new_tokens:  [(5, [13])]
total_batch_size:  256

Pipeline update:
- Stream name: TEST_TOTAL
- Is profile: True
- Decode batch size: 0
- Stream SM count: 108
- Cumsum input type: <class 'list'>
qo_indicies device: cuda:0, shape: torch.Size([2])
kv_indptr device: cuda:0, shape: torch.Size([2])
kv_indices device: cuda:0, shape: torch.Size([10240])
kv_last_page_len: tensor([16], device='cuda:0', dtype=torch.int32)
page_size: 16
new_tokens:  [(6, [13])]
total_batch_size:  256

Pipeline update:
- Stream name: TEST_TOTAL
- Is profile: True
- Decode batch size: 0
- Stream SM count: 108
- Cumsum input type: <class 'list'>
qo_indicies device: cuda:0, shape: torch.Size([2])
kv_indptr device: cuda:0, shape: torch.Size([2])
kv_indices device: cuda:0, shape: torch.Size([10240])
kv_last_page_len: tensor([16], device='cuda:0', dtype=torch.int32)
page_size: 16
new_tokens:  [(7, [13])]
total_batch_size:  256

Pipeline update:
- Stream name: TEST_TOTAL
- Is profile: True
- Decode batch size: 0
- Stream SM count: 108
- Cumsum input type: <class 'list'>
qo_indicies device: cuda:0, shape: torch.Size([2])
kv_indptr device: cuda:0, shape: torch.Size([2])
kv_indices device: cuda:0, shape: torch.Size([10240])
kv_last_page_len: tensor([16], device='cuda:0', dtype=torch.int32)
page_size: 16
new_tokens:  [(8, [13])]
total_batch_size:  256

Pipeline update:
- Stream name: TEST_TOTAL
- Is profile: True
- Decode batch size: 0
- Stream SM count: 108
- Cumsum input type: <class 'list'>
qo_indicies device: cuda:0, shape: torch.Size([2])
kv_indptr device: cuda:0, shape: torch.Size([2])
kv_indices device: cuda:0, shape: torch.Size([10240])
kv_last_page_len: tensor([16], device='cuda:0', dtype=torch.int32)
page_size: 16
new_tokens:  [(9, [13])]
total_batch_size:  256

Pipeline update:
- Stream name: TEST_TOTAL
- Is profile: True
- Decode batch size: 0
- Stream SM count: 108
- Cumsum input type: <class 'list'>
qo_indicies device: cuda:0, shape: torch.Size([2])
kv_indptr device: cuda:0, shape: torch.Size([2])
kv_indices device: cuda:0, shape: torch.Size([10240])
kv_last_page_len: tensor([16], device='cuda:0', dtype=torch.int32)
page_size: 16
new_tokens:  [(10, [13])]
total_batch_size:  256

Pipeline update:
- Stream name: TEST_TOTAL
- Is profile: True
- Decode batch size: 0
- Stream SM count: 108
- Cumsum input type: <class 'list'>
qo_indicies device: cuda:0, shape: torch.Size([2])
kv_indptr device: cuda:0, shape: torch.Size([2])
kv_indices device: cuda:0, shape: torch.Size([10240])
kv_last_page_len: tensor([16], device='cuda:0', dtype=torch.int32)
page_size: 16
new_tokens:  [(11, [13])]
total_batch_size:  256

Pipeline update:
- Stream name: TEST_TOTAL
- Is profile: True
- Decode batch size: 0
- Stream SM count: 108
- Cumsum input type: <class 'list'>
qo_indicies device: cuda:0, shape: torch.Size([2])
kv_indptr device: cuda:0, shape: torch.Size([2])
kv_indices device: cuda:0, shape: torch.Size([10240])
kv_last_page_len: tensor([16], device='cuda:0', dtype=torch.int32)
page_size: 16
new_tokens:  [(12, [13])]
total_batch_size:  256

Pipeline update:
- Stream name: TEST_TOTAL
- Is profile: True
- Decode batch size: 0
- Stream SM count: 108
- Cumsum input type: <class 'list'>
qo_indicies device: cuda:0, shape: torch.Size([2])
kv_indptr device: cuda:0, shape: torch.Size([2])
kv_indices device: cuda:0, shape: torch.Size([10240])
kv_last_page_len: tensor([16], device='cuda:0', dtype=torch.int32)
page_size: 16
new_tokens:  [(13, [13])]
total_batch_size:  256

Pipeline update:
- Stream name: TEST_TOTAL
- Is profile: True
- Decode batch size: 0
- Stream SM count: 108
- Cumsum input type: <class 'list'>
qo_indicies device: cuda:0, shape: torch.Size([2])
kv_indptr device: cuda:0, shape: torch.Size([2])
kv_indices device: cuda:0, shape: torch.Size([10240])
kv_last_page_len: tensor([16], device='cuda:0', dtype=torch.int32)
page_size: 16
new_tokens:  [(14, [13])]
total_batch_size:  256

Pipeline update:
- Stream name: TEST_TOTAL
- Is profile: True
- Decode batch size: 0
- Stream SM count: 108
- Cumsum input type: <class 'list'>
qo_indicies device: cuda:0, shape: torch.Size([2])
kv_indptr device: cuda:0, shape: torch.Size([2])
kv_indices device: cuda:0, shape: torch.Size([10240])
kv_last_page_len: tensor([16], device='cuda:0', dtype=torch.int32)
page_size: 16
new_tokens:  [(15, [13])]
total_batch_size:  256

Pipeline update:
- Stream name: TEST_TOTAL
- Is profile: True
- Decode batch size: 0
- Stream SM count: 108
- Cumsum input type: <class 'list'>
qo_indicies device: cuda:0, shape: torch.Size([2])
kv_indptr device: cuda:0, shape: torch.Size([2])
kv_indices device: cuda:0, shape: torch.Size([10240])
kv_last_page_len: tensor([16], device='cuda:0', dtype=torch.int32)
page_size: 16
new_tokens:  [(16, [13])]
total_batch_size:  256

Pipeline update:
- Stream name: TEST_TOTAL
- Is profile: True
- Decode batch size: 0
- Stream SM count: 108
- Cumsum input type: <class 'list'>
qo_indicies device: cuda:0, shape: torch.Size([2])
kv_indptr device: cuda:0, shape: torch.Size([2])
kv_indices device: cuda:0, shape: torch.Size([10240])
kv_last_page_len: tensor([16], device='cuda:0', dtype=torch.int32)
page_size: 16
new_tokens:  [(17, [13])]
total_batch_size:  256

Pipeline update:
- Stream name: TEST_TOTAL
- Is profile: True
- Decode batch size: 0
- Stream SM count: 108
- Cumsum input type: <class 'list'>
qo_indicies device: cuda:0, shape: torch.Size([2])
kv_indptr device: cuda:0, shape: torch.Size([2])
kv_indices device: cuda:0, shape: torch.Size([10240])
kv_last_page_len: tensor([16], device='cuda:0', dtype=torch.int32)
page_size: 16
new_tokens:  [(18, [13])]
total_batch_size:  256

Pipeline update:
- Stream name: TEST_TOTAL
- Is profile: True
- Decode batch size: 0
- Stream SM count: 108
- Cumsum input type: <class 'list'>
qo_indicies device: cuda:0, shape: torch.Size([2])
kv_indptr device: cuda:0, shape: torch.Size([2])
kv_indices device: cuda:0, shape: torch.Size([10240])
kv_last_page_len: tensor([16], device='cuda:0', dtype=torch.int32)
page_size: 16
new_tokens:  [(19, [13])]
total_batch_size:  256

Pipeline update:
- Stream name: TEST_TOTAL
- Is profile: True
- Decode batch size: 0
- Stream SM count: 108
- Cumsum input type: <class 'list'>
qo_indicies device: cuda:0, shape: torch.Size([2])
kv_indptr device: cuda:0, shape: torch.Size([2])
kv_indices device: cuda:0, shape: torch.Size([10240])
kv_last_page_len: tensor([16], device='cuda:0', dtype=torch.int32)
page_size: 16
new_tokens:  [(20, [13])]
total_batch_size:  256

Pipeline update:
- Stream name: TEST_TOTAL
- Is profile: True
- Decode batch size: 0
- Stream SM count: 108
- Cumsum input type: <class 'list'>
qo_indicies device: cuda:0, shape: torch.Size([2])
kv_indptr device: cuda:0, shape: torch.Size([2])
kv_indices device: cuda:0, shape: torch.Size([10240])
kv_last_page_len: tensor([16], device='cuda:0', dtype=torch.int32)
page_size: 16
new_tokens:  [(21, [13])]
total_batch_size:  256

Pipeline update:
- Stream name: TEST_TOTAL
- Is profile: True
- Decode batch size: 0
- Stream SM count: 108
- Cumsum input type: <class 'list'>
qo_indicies device: cuda:0, shape: torch.Size([2])
kv_indptr device: cuda:0, shape: torch.Size([2])
kv_indices device: cuda:0, shape: torch.Size([10240])
kv_last_page_len: tensor([16], device='cuda:0', dtype=torch.int32)
page_size: 16
new_tokens:  [(22, [13])]
total_batch_size:  256

Pipeline update:
- Stream name: TEST_TOTAL
- Is profile: True
- Decode batch size: 0
- Stream SM count: 108
- Cumsum input type: <class 'list'>
qo_indicies device: cuda:0, shape: torch.Size([2])
kv_indptr device: cuda:0, shape: torch.Size([2])
kv_indices device: cuda:0, shape: torch.Size([10240])
kv_last_page_len: tensor([16], device='cuda:0', dtype=torch.int32)
page_size: 16
new_tokens:  [(23, [13])]
total_batch_size:  256

Pipeline update:
- Stream name: TEST_TOTAL
- Is profile: True
- Decode batch size: 0
- Stream SM count: 108
- Cumsum input type: <class 'list'>
qo_indicies device: cuda:0, shape: torch.Size([2])
kv_indptr device: cuda:0, shape: torch.Size([2])
kv_indices device: cuda:0, shape: torch.Size([10240])
kv_last_page_len: tensor([16], device='cuda:0', dtype=torch.int32)
page_size: 16
new_tokens:  [(24, [13])]
total_batch_size:  256

Pipeline update:
- Stream name: TEST_TOTAL
- Is profile: True
- Decode batch size: 0
- Stream SM count: 108
- Cumsum input type: <class 'list'>
qo_indicies device: cuda:0, shape: torch.Size([2])
kv_indptr device: cuda:0, shape: torch.Size([2])
kv_indices device: cuda:0, shape: torch.Size([10240])
kv_last_page_len: tensor([16], device='cuda:0', dtype=torch.int32)
page_size: 16
new_tokens:  [(25, [13])]
total_batch_size:  256

Pipeline update:
- Stream name: TEST_TOTAL
- Is profile: True
- Decode batch size: 0
- Stream SM count: 108
- Cumsum input type: <class 'list'>
qo_indicies device: cuda:0, shape: torch.Size([2])
kv_indptr device: cuda:0, shape: torch.Size([2])
kv_indices device: cuda:0, shape: torch.Size([10240])
kv_last_page_len: tensor([16], device='cuda:0', dtype=torch.int32)
page_size: 16
new_tokens:  [(26, [13])]
total_batch_size:  256

Pipeline update:
- Stream name: TEST_TOTAL
- Is profile: True
- Decode batch size: 0
- Stream SM count: 108
- Cumsum input type: <class 'list'>
qo_indicies device: cuda:0, shape: torch.Size([2])
kv_indptr device: cuda:0, shape: torch.Size([2])
kv_indices device: cuda:0, shape: torch.Size([10240])
kv_last_page_len: tensor([16], device='cuda:0', dtype=torch.int32)
page_size: 16
new_tokens:  [(27, [13])]
total_batch_size:  256

Pipeline update:
- Stream name: TEST_TOTAL
- Is profile: True
- Decode batch size: 0
- Stream SM count: 108
- Cumsum input type: <class 'list'>
qo_indicies device: cuda:0, shape: torch.Size([2])
kv_indptr device: cuda:0, shape: torch.Size([2])
kv_indices device: cuda:0, shape: torch.Size([10240])
kv_last_page_len: tensor([16], device='cuda:0', dtype=torch.int32)
page_size: 16
new_tokens:  [(28, [13])]
total_batch_size:  256

Pipeline update:
- Stream name: TEST_TOTAL
- Is profile: True
- Decode batch size: 0
- Stream SM count: 108
- Cumsum input type: <class 'list'>
qo_indicies device: cuda:0, shape: torch.Size([2])
kv_indptr device: cuda:0, shape: torch.Size([2])
kv_indices device: cuda:0, shape: torch.Size([10240])
kv_last_page_len: tensor([16], device='cuda:0', dtype=torch.int32)
page_size: 16
new_tokens:  [(29, [13])]
total_batch_size:  256

Pipeline update:
- Stream name: TEST_TOTAL
- Is profile: True
- Decode batch size: 0
- Stream SM count: 108
- Cumsum input type: <class 'list'>
qo_indicies device: cuda:0, shape: torch.Size([2])
kv_indptr device: cuda:0, shape: torch.Size([2])
kv_indices device: cuda:0, shape: torch.Size([10240])
kv_last_page_len: tensor([16], device='cuda:0', dtype=torch.int32)
page_size: 16
new_tokens:  [(30, [13])]
total_batch_size:  256

Pipeline update:
- Stream name: TEST_TOTAL
- Is profile: True
- Decode batch size: 0
- Stream SM count: 108
- Cumsum input type: <class 'list'>
qo_indicies device: cuda:0, shape: torch.Size([2])
kv_indptr device: cuda:0, shape: torch.Size([2])
kv_indices device: cuda:0, shape: torch.Size([10240])
kv_last_page_len: tensor([16], device='cuda:0', dtype=torch.int32)
page_size: 16
new_tokens:  [(31, [13])]
total_batch_size:  256

Pipeline update:
- Stream name: TEST_TOTAL
- Is profile: True
- Decode batch size: 0
- Stream SM count: 108
- Cumsum input type: <class 'list'>
qo_indicies device: cuda:0, shape: torch.Size([2])
kv_indptr device: cuda:0, shape: torch.Size([2])
kv_indices device: cuda:0, shape: torch.Size([10240])
kv_last_page_len: tensor([16], device='cuda:0', dtype=torch.int32)
page_size: 16
new_tokens:  [(32, [13])]
total_batch_size:  256

Pipeline update:
- Stream name: TEST_TOTAL
- Is profile: True
- Decode batch size: 0
- Stream SM count: 108
- Cumsum input type: <class 'list'>
qo_indicies device: cuda:0, shape: torch.Size([2])
kv_indptr device: cuda:0, shape: torch.Size([2])
kv_indices device: cuda:0, shape: torch.Size([10240])
kv_last_page_len: tensor([16], device='cuda:0', dtype=torch.int32)
page_size: 16
new_tokens:  [(33, [13])]
total_batch_size:  256

Pipeline update:
- Stream name: TEST_TOTAL
- Is profile: True
- Decode batch size: 0
- Stream SM count: 108
- Cumsum input type: <class 'list'>
qo_indicies device: cuda:0, shape: torch.Size([2])
kv_indptr device: cuda:0, shape: torch.Size([2])
kv_indices device: cuda:0, shape: torch.Size([10240])
kv_last_page_len: tensor([16], device='cuda:0', dtype=torch.int32)
page_size: 16
new_tokens:  [(34, [13])]
total_batch_size:  256

Pipeline update:
- Stream name: TEST_TOTAL
- Is profile: True
- Decode batch size: 0
- Stream SM count: 108
- Cumsum input type: <class 'list'>
qo_indicies device: cuda:0, shape: torch.Size([2])
kv_indptr device: cuda:0, shape: torch.Size([2])
kv_indices device: cuda:0, shape: torch.Size([10240])
kv_last_page_len: tensor([16], device='cuda:0', dtype=torch.int32)
page_size: 16
new_tokens:  [(35, [13])]
total_batch_size:  256

Pipeline update:
- Stream name: TEST_TOTAL
- Is profile: True
- Decode batch size: 0
- Stream SM count: 108
- Cumsum input type: <class 'list'>
qo_indicies device: cuda:0, shape: torch.Size([2])
kv_indptr device: cuda:0, shape: torch.Size([2])
kv_indices device: cuda:0, shape: torch.Size([10240])
kv_last_page_len: tensor([16], device='cuda:0', dtype=torch.int32)
page_size: 16
new_tokens:  [(36, [13])]
total_batch_size:  256

Pipeline update:
- Stream name: TEST_TOTAL
- Is profile: True
- Decode batch size: 0
- Stream SM count: 108
- Cumsum input type: <class 'list'>
qo_indicies device: cuda:0, shape: torch.Size([2])
kv_indptr device: cuda:0, shape: torch.Size([2])
kv_indices device: cuda:0, shape: torch.Size([10240])
kv_last_page_len: tensor([16], device='cuda:0', dtype=torch.int32)
page_size: 16
new_tokens:  [(37, [13])]
total_batch_size:  256

Pipeline update:
- Stream name: TEST_TOTAL
- Is profile: True
- Decode batch size: 0
- Stream SM count: 108
- Cumsum input type: <class 'list'>
qo_indicies device: cuda:0, shape: torch.Size([2])
kv_indptr device: cuda:0, shape: torch.Size([2])
kv_indices device: cuda:0, shape: torch.Size([10240])
kv_last_page_len: tensor([16], device='cuda:0', dtype=torch.int32)
page_size: 16
new_tokens:  [(38, [13])]
total_batch_size:  256

Pipeline update:
- Stream name: TEST_TOTAL
- Is profile: True
- Decode batch size: 0
- Stream SM count: 108
- Cumsum input type: <class 'list'>
qo_indicies device: cuda:0, shape: torch.Size([2])
kv_indptr device: cuda:0, shape: torch.Size([2])
kv_indices device: cuda:0, shape: torch.Size([10240])
kv_last_page_len: tensor([16], device='cuda:0', dtype=torch.int32)
page_size: 16
new_tokens:  [(39, [13])]
total_batch_size:  256

Pipeline update:
- Stream name: TEST_TOTAL
- Is profile: True
- Decode batch size: 0
- Stream SM count: 108
- Cumsum input type: <class 'list'>
qo_indicies device: cuda:0, shape: torch.Size([2])
kv_indptr device: cuda:0, shape: torch.Size([2])
kv_indices device: cuda:0, shape: torch.Size([10240])
kv_last_page_len: tensor([16], device='cuda:0', dtype=torch.int32)
page_size: 16
new_tokens:  [(40, [13])]
total_batch_size:  256

Pipeline update:
- Stream name: TEST_TOTAL
- Is profile: True
- Decode batch size: 0
- Stream SM count: 108
- Cumsum input type: <class 'list'>
qo_indicies device: cuda:0, shape: torch.Size([2])
kv_indptr device: cuda:0, shape: torch.Size([2])
kv_indices device: cuda:0, shape: torch.Size([10240])
kv_last_page_len: tensor([16], device='cuda:0', dtype=torch.int32)
page_size: 16
new_tokens:  [(41, [13])]
total_batch_size:  256

Pipeline update:
- Stream name: TEST_TOTAL
- Is profile: True
- Decode batch size: 0
- Stream SM count: 108
- Cumsum input type: <class 'list'>
qo_indicies device: cuda:0, shape: torch.Size([2])
kv_indptr device: cuda:0, shape: torch.Size([2])
kv_indices device: cuda:0, shape: torch.Size([10240])
kv_last_page_len: tensor([16], device='cuda:0', dtype=torch.int32)
page_size: 16
new_tokens:  [(42, [13])]
total_batch_size:  256

Pipeline update:
- Stream name: TEST_TOTAL
- Is profile: True
- Decode batch size: 0
- Stream SM count: 108
- Cumsum input type: <class 'list'>
qo_indicies device: cuda:0, shape: torch.Size([2])
kv_indptr device: cuda:0, shape: torch.Size([2])
kv_indices device: cuda:0, shape: torch.Size([10240])
kv_last_page_len: tensor([16], device='cuda:0', dtype=torch.int32)
page_size: 16
new_tokens:  [(43, [13])]
total_batch_size:  256

Pipeline update:
- Stream name: TEST_TOTAL
- Is profile: True
- Decode batch size: 0
- Stream SM count: 108
- Cumsum input type: <class 'list'>
qo_indicies device: cuda:0, shape: torch.Size([2])
kv_indptr device: cuda:0, shape: torch.Size([2])
kv_indices device: cuda:0, shape: torch.Size([10240])
kv_last_page_len: tensor([16], device='cuda:0', dtype=torch.int32)
page_size: 16
new_tokens:  [(44, [13])]
total_batch_size:  256

Pipeline update:
- Stream name: TEST_TOTAL
- Is profile: True
- Decode batch size: 0
- Stream SM count: 108
- Cumsum input type: <class 'list'>
qo_indicies device: cuda:0, shape: torch.Size([2])
kv_indptr device: cuda:0, shape: torch.Size([2])
kv_indices device: cuda:0, shape: torch.Size([10240])
kv_last_page_len: tensor([16], device='cuda:0', dtype=torch.int32)
page_size: 16
new_tokens:  [(45, [13])]
total_batch_size:  256

Pipeline update:
- Stream name: TEST_TOTAL
- Is profile: True
- Decode batch size: 0
- Stream SM count: 108
- Cumsum input type: <class 'list'>
qo_indicies device: cuda:0, shape: torch.Size([2])
kv_indptr device: cuda:0, shape: torch.Size([2])
kv_indices device: cuda:0, shape: torch.Size([10240])
kv_last_page_len: tensor([16], device='cuda:0', dtype=torch.int32)
page_size: 16
new_tokens:  [(46, [13])]
total_batch_size:  256

Pipeline update:
- Stream name: TEST_TOTAL
- Is profile: True
- Decode batch size: 0
- Stream SM count: 108
- Cumsum input type: <class 'list'>
qo_indicies device: cuda:0, shape: torch.Size([2])
kv_indptr device: cuda:0, shape: torch.Size([2])
kv_indices device: cuda:0, shape: torch.Size([10240])
kv_last_page_len: tensor([16], device='cuda:0', dtype=torch.int32)
page_size: 16
new_tokens:  [(47, [13])]
total_batch_size:  256

Pipeline update:
- Stream name: TEST_TOTAL
- Is profile: True
- Decode batch size: 0
- Stream SM count: 108
- Cumsum input type: <class 'list'>
qo_indicies device: cuda:0, shape: torch.Size([2])
kv_indptr device: cuda:0, shape: torch.Size([2])
kv_indices device: cuda:0, shape: torch.Size([10240])
kv_last_page_len: tensor([16], device='cuda:0', dtype=torch.int32)
page_size: 16
new_tokens:  [(48, [13])]
total_batch_size:  256

Pipeline update:
- Stream name: TEST_TOTAL
- Is profile: True
- Decode batch size: 0
- Stream SM count: 108
- Cumsum input type: <class 'list'>
qo_indicies device: cuda:0, shape: torch.Size([2])
kv_indptr device: cuda:0, shape: torch.Size([2])
kv_indices device: cuda:0, shape: torch.Size([10240])
kv_last_page_len: tensor([16], device='cuda:0', dtype=torch.int32)
page_size: 16
new_tokens:  [(49, [13])]
total_batch_size:  256

Pipeline update:
- Stream name: TEST_TOTAL
- Is profile: True
- Decode batch size: 0
- Stream SM count: 108
- Cumsum input type: <class 'list'>
qo_indicies device: cuda:0, shape: torch.Size([2])
kv_indptr device: cuda:0, shape: torch.Size([2])
kv_indices device: cuda:0, shape: torch.Size([10240])
kv_last_page_len: tensor([16], device='cuda:0', dtype=torch.int32)
page_size: 16
new_tokens:  [(50, [13])]
total_batch_size:  256

Pipeline update:
- Stream name: TEST_TOTAL
- Is profile: True
- Decode batch size: 0
- Stream SM count: 108
- Cumsum input type: <class 'list'>
qo_indicies device: cuda:0, shape: torch.Size([2])
kv_indptr device: cuda:0, shape: torch.Size([2])
kv_indices device: cuda:0, shape: torch.Size([10240])
kv_last_page_len: tensor([16], device='cuda:0', dtype=torch.int32)
page_size: 16
new_tokens:  [(51, [13])]
total_batch_size:  256

Pipeline update:
- Stream name: TEST_TOTAL
- Is profile: True
- Decode batch size: 0
- Stream SM count: 108
- Cumsum input type: <class 'list'>
qo_indicies device: cuda:0, shape: torch.Size([2])
kv_indptr device: cuda:0, shape: torch.Size([2])
kv_indices device: cuda:0, shape: torch.Size([10240])
kv_last_page_len: tensor([16], device='cuda:0', dtype=torch.int32)
page_size: 16
new_tokens:  [(52, [13])]
total_batch_size:  256

Pipeline update:
- Stream name: TEST_TOTAL
- Is profile: True
- Decode batch size: 0
- Stream SM count: 108
- Cumsum input type: <class 'list'>
qo_indicies device: cuda:0, shape: torch.Size([2])
kv_indptr device: cuda:0, shape: torch.Size([2])
kv_indices device: cuda:0, shape: torch.Size([10240])
kv_last_page_len: tensor([16], device='cuda:0', dtype=torch.int32)
page_size: 16
new_tokens:  [(53, [13])]
total_batch_size:  256

Pipeline update:
- Stream name: TEST_TOTAL
- Is profile: True
- Decode batch size: 0
- Stream SM count: 108
- Cumsum input type: <class 'list'>
qo_indicies device: cuda:0, shape: torch.Size([2])
kv_indptr device: cuda:0, shape: torch.Size([2])
kv_indices device: cuda:0, shape: torch.Size([10240])
kv_last_page_len: tensor([16], device='cuda:0', dtype=torch.int32)
page_size: 16
new_tokens:  [(54, [13])]
total_batch_size:  256

Pipeline update:
- Stream name: TEST_TOTAL
- Is profile: True
- Decode batch size: 0
- Stream SM count: 108
- Cumsum input type: <class 'list'>
qo_indicies device: cuda:0, shape: torch.Size([2])
kv_indptr device: cuda:0, shape: torch.Size([2])
kv_indices device: cuda:0, shape: torch.Size([10240])
kv_last_page_len: tensor([16], device='cuda:0', dtype=torch.int32)
page_size: 16
new_tokens:  [(55, [13])]
total_batch_size:  256

Pipeline update:
- Stream name: TEST_TOTAL
- Is profile: True
- Decode batch size: 0
- Stream SM count: 108
- Cumsum input type: <class 'list'>
qo_indicies device: cuda:0, shape: torch.Size([2])
kv_indptr device: cuda:0, shape: torch.Size([2])
kv_indices device: cuda:0, shape: torch.Size([10240])
kv_last_page_len: tensor([16], device='cuda:0', dtype=torch.int32)
page_size: 16
new_tokens:  [(56, [13])]
total_batch_size:  256

Pipeline update:
- Stream name: TEST_TOTAL
- Is profile: True
- Decode batch size: 0
- Stream SM count: 108
- Cumsum input type: <class 'list'>
qo_indicies device: cuda:0, shape: torch.Size([2])
kv_indptr device: cuda:0, shape: torch.Size([2])
kv_indices device: cuda:0, shape: torch.Size([10240])
kv_last_page_len: tensor([16], device='cuda:0', dtype=torch.int32)
page_size: 16
new_tokens:  [(57, [13])]
total_batch_size:  256

Pipeline update:
- Stream name: TEST_TOTAL
- Is profile: True
- Decode batch size: 0
- Stream SM count: 108
- Cumsum input type: <class 'list'>
qo_indicies device: cuda:0, shape: torch.Size([2])
kv_indptr device: cuda:0, shape: torch.Size([2])
kv_indices device: cuda:0, shape: torch.Size([10240])
kv_last_page_len: tensor([16], device='cuda:0', dtype=torch.int32)
page_size: 16
new_tokens:  [(58, [13])]
total_batch_size:  256

Pipeline update:
- Stream name: TEST_TOTAL
- Is profile: True
- Decode batch size: 0
- Stream SM count: 108
- Cumsum input type: <class 'list'>
qo_indicies device: cuda:0, shape: torch.Size([2])
kv_indptr device: cuda:0, shape: torch.Size([2])
kv_indices device: cuda:0, shape: torch.Size([10240])
kv_last_page_len: tensor([16], device='cuda:0', dtype=torch.int32)
page_size: 16
new_tokens:  [(59, [13])]
total_batch_size:  256

Pipeline update:
- Stream name: TEST_TOTAL
- Is profile: True
- Decode batch size: 0
- Stream SM count: 108
- Cumsum input type: <class 'list'>
qo_indicies device: cuda:0, shape: torch.Size([2])
kv_indptr device: cuda:0, shape: torch.Size([2])
kv_indices device: cuda:0, shape: torch.Size([10240])
kv_last_page_len: tensor([16], device='cuda:0', dtype=torch.int32)
page_size: 16
new_tokens:  [(60, [13])]
total_batch_size:  256

Pipeline update:
- Stream name: TEST_TOTAL
- Is profile: True
- Decode batch size: 0
- Stream SM count: 108
- Cumsum input type: <class 'list'>
qo_indicies device: cuda:0, shape: torch.Size([2])
kv_indptr device: cuda:0, shape: torch.Size([2])
kv_indices device: cuda:0, shape: torch.Size([10240])
kv_last_page_len: tensor([16], device='cuda:0', dtype=torch.int32)
page_size: 16
new_tokens:  [(61, [13])]
total_batch_size:  256

Pipeline update:
- Stream name: TEST_TOTAL
- Is profile: True
- Decode batch size: 0
- Stream SM count: 108
- Cumsum input type: <class 'list'>
qo_indicies device: cuda:0, shape: torch.Size([2])
kv_indptr device: cuda:0, shape: torch.Size([2])
kv_indices device: cuda:0, shape: torch.Size([10240])
kv_last_page_len: tensor([16], device='cuda:0', dtype=torch.int32)
page_size: 16
new_tokens:  [(62, [13])]
total_batch_size:  256

Pipeline update:
- Stream name: TEST_TOTAL
- Is profile: True
- Decode batch size: 0
- Stream SM count: 108
- Cumsum input type: <class 'list'>
qo_indicies device: cuda:0, shape: torch.Size([2])
kv_indptr device: cuda:0, shape: torch.Size([2])
kv_indices device: cuda:0, shape: torch.Size([10240])
kv_last_page_len: tensor([16], device='cuda:0', dtype=torch.int32)
page_size: 16
new_tokens:  [(63, [13])]
total_batch_size:  256

Pipeline update:
- Stream name: TEST_TOTAL
- Is profile: True
- Decode batch size: 0
- Stream SM count: 108
- Cumsum input type: <class 'list'>
qo_indicies device: cuda:0, shape: torch.Size([2])
kv_indptr device: cuda:0, shape: torch.Size([2])
kv_indices device: cuda:0, shape: torch.Size([10240])
kv_last_page_len: tensor([16], device='cuda:0', dtype=torch.int32)
page_size: 16
new_tokens:  [(64, [13])]
total_batch_size:  256

Pipeline update:
- Stream name: TEST_TOTAL
- Is profile: True
- Decode batch size: 0
- Stream SM count: 108
- Cumsum input type: <class 'list'>
qo_indicies device: cuda:0, shape: torch.Size([2])
kv_indptr device: cuda:0, shape: torch.Size([2])
kv_indices device: cuda:0, shape: torch.Size([10240])
kv_last_page_len: tensor([16], device='cuda:0', dtype=torch.int32)
page_size: 16
new_tokens:  [(65, [13])]
total_batch_size:  256

Pipeline update:
- Stream name: TEST_TOTAL
- Is profile: True
- Decode batch size: 0
- Stream SM count: 108
- Cumsum input type: <class 'list'>
qo_indicies device: cuda:0, shape: torch.Size([2])
kv_indptr device: cuda:0, shape: torch.Size([2])
kv_indices device: cuda:0, shape: torch.Size([10240])
kv_last_page_len: tensor([16], device='cuda:0', dtype=torch.int32)
page_size: 16
new_tokens:  [(66, [13])]
total_batch_size:  256

Pipeline update:
- Stream name: TEST_TOTAL
- Is profile: True
- Decode batch size: 0
- Stream SM count: 108
- Cumsum input type: <class 'list'>
qo_indicies device: cuda:0, shape: torch.Size([2])
kv_indptr device: cuda:0, shape: torch.Size([2])
kv_indices device: cuda:0, shape: torch.Size([10240])
kv_last_page_len: tensor([16], device='cuda:0', dtype=torch.int32)
page_size: 16
new_tokens:  [(67, [13])]
total_batch_size:  256

Pipeline update:
- Stream name: TEST_TOTAL
- Is profile: True
- Decode batch size: 0
- Stream SM count: 108
- Cumsum input type: <class 'list'>
qo_indicies device: cuda:0, shape: torch.Size([2])
kv_indptr device: cuda:0, shape: torch.Size([2])
kv_indices device: cuda:0, shape: torch.Size([10240])
kv_last_page_len: tensor([16], device='cuda:0', dtype=torch.int32)
page_size: 16
new_tokens:  [(68, [13])]
total_batch_size:  256

Pipeline update:
- Stream name: TEST_TOTAL
- Is profile: True
- Decode batch size: 0
- Stream SM count: 108
- Cumsum input type: <class 'list'>
qo_indicies device: cuda:0, shape: torch.Size([2])
kv_indptr device: cuda:0, shape: torch.Size([2])
kv_indices device: cuda:0, shape: torch.Size([10240])
kv_last_page_len: tensor([16], device='cuda:0', dtype=torch.int32)
page_size: 16
new_tokens:  [(69, [13])]
total_batch_size:  256

Pipeline update:
- Stream name: TEST_TOTAL
- Is profile: True
- Decode batch size: 0
- Stream SM count: 108
- Cumsum input type: <class 'list'>
qo_indicies device: cuda:0, shape: torch.Size([2])
kv_indptr device: cuda:0, shape: torch.Size([2])
kv_indices device: cuda:0, shape: torch.Size([10240])
kv_last_page_len: tensor([16], device='cuda:0', dtype=torch.int32)
page_size: 16
new_tokens:  [(70, [13])]
total_batch_size:  256

Pipeline update:
- Stream name: TEST_TOTAL
- Is profile: True
- Decode batch size: 0
- Stream SM count: 108
- Cumsum input type: <class 'list'>
qo_indicies device: cuda:0, shape: torch.Size([2])
kv_indptr device: cuda:0, shape: torch.Size([2])
kv_indices device: cuda:0, shape: torch.Size([10240])
kv_last_page_len: tensor([16], device='cuda:0', dtype=torch.int32)
page_size: 16
new_tokens:  [(71, [13])]
total_batch_size:  256

Pipeline update:
- Stream name: TEST_TOTAL
- Is profile: True
- Decode batch size: 0
- Stream SM count: 108
- Cumsum input type: <class 'list'>
qo_indicies device: cuda:0, shape: torch.Size([2])
kv_indptr device: cuda:0, shape: torch.Size([2])
kv_indices device: cuda:0, shape: torch.Size([10240])
kv_last_page_len: tensor([16], device='cuda:0', dtype=torch.int32)
page_size: 16
new_tokens:  [(72, [13])]
total_batch_size:  256

Pipeline update:
- Stream name: TEST_TOTAL
- Is profile: True
- Decode batch size: 0
- Stream SM count: 108
- Cumsum input type: <class 'list'>
qo_indicies device: cuda:0, shape: torch.Size([2])
kv_indptr device: cuda:0, shape: torch.Size([2])
kv_indices device: cuda:0, shape: torch.Size([10240])
kv_last_page_len: tensor([16], device='cuda:0', dtype=torch.int32)
page_size: 16
new_tokens:  [(73, [13])]
total_batch_size:  256

Pipeline update:
- Stream name: TEST_TOTAL
- Is profile: True
- Decode batch size: 0
- Stream SM count: 108
- Cumsum input type: <class 'list'>
qo_indicies device: cuda:0, shape: torch.Size([2])
kv_indptr device: cuda:0, shape: torch.Size([2])
kv_indices device: cuda:0, shape: torch.Size([10240])
kv_last_page_len: tensor([16], device='cuda:0', dtype=torch.int32)
page_size: 16
new_tokens:  [(74, [13])]
total_batch_size:  256

Pipeline update:
- Stream name: TEST_TOTAL
- Is profile: True
- Decode batch size: 0
- Stream SM count: 108
- Cumsum input type: <class 'list'>
qo_indicies device: cuda:0, shape: torch.Size([2])
kv_indptr device: cuda:0, shape: torch.Size([2])
kv_indices device: cuda:0, shape: torch.Size([10240])
kv_last_page_len: tensor([16], device='cuda:0', dtype=torch.int32)
page_size: 16
new_tokens:  [(75, [13])]
total_batch_size:  256

Pipeline update:
- Stream name: TEST_TOTAL
- Is profile: True
- Decode batch size: 0
- Stream SM count: 108
- Cumsum input type: <class 'list'>
qo_indicies device: cuda:0, shape: torch.Size([2])
kv_indptr device: cuda:0, shape: torch.Size([2])
kv_indices device: cuda:0, shape: torch.Size([10240])
kv_last_page_len: tensor([16], device='cuda:0', dtype=torch.int32)
page_size: 16
new_tokens:  [(76, [13])]
total_batch_size:  256

Pipeline update:
- Stream name: TEST_TOTAL
- Is profile: True
- Decode batch size: 0
- Stream SM count: 108
- Cumsum input type: <class 'list'>
qo_indicies device: cuda:0, shape: torch.Size([2])
kv_indptr device: cuda:0, shape: torch.Size([2])
kv_indices device: cuda:0, shape: torch.Size([10240])
kv_last_page_len: tensor([16], device='cuda:0', dtype=torch.int32)
page_size: 16
new_tokens:  [(77, [13])]
total_batch_size:  256

Pipeline update:
- Stream name: TEST_TOTAL
- Is profile: True
- Decode batch size: 0
- Stream SM count: 108
- Cumsum input type: <class 'list'>
qo_indicies device: cuda:0, shape: torch.Size([2])
kv_indptr device: cuda:0, shape: torch.Size([2])
kv_indices device: cuda:0, shape: torch.Size([10240])
kv_last_page_len: tensor([16], device='cuda:0', dtype=torch.int32)
page_size: 16
new_tokens:  [(78, [13])]
total_batch_size:  256

Pipeline update:
- Stream name: TEST_TOTAL
- Is profile: True
- Decode batch size: 0
- Stream SM count: 108
- Cumsum input type: <class 'list'>
qo_indicies device: cuda:0, shape: torch.Size([2])
kv_indptr device: cuda:0, shape: torch.Size([2])
kv_indices device: cuda:0, shape: torch.Size([10240])
kv_last_page_len: tensor([16], device='cuda:0', dtype=torch.int32)
page_size: 16
new_tokens:  [(79, [13])]
total_batch_size:  256

Pipeline update:
- Stream name: TEST_TOTAL
- Is profile: True
- Decode batch size: 0
- Stream SM count: 108
- Cumsum input type: <class 'list'>
qo_indicies device: cuda:0, shape: torch.Size([2])
kv_indptr device: cuda:0, shape: torch.Size([2])
kv_indices device: cuda:0, shape: torch.Size([10240])
kv_last_page_len: tensor([16], device='cuda:0', dtype=torch.int32)
page_size: 16
new_tokens:  [(80, [13])]
total_batch_size:  256

Pipeline update:
- Stream name: TEST_TOTAL
- Is profile: True
- Decode batch size: 0
- Stream SM count: 108
- Cumsum input type: <class 'list'>
qo_indicies device: cuda:0, shape: torch.Size([2])
kv_indptr device: cuda:0, shape: torch.Size([2])
kv_indices device: cuda:0, shape: torch.Size([10240])
kv_last_page_len: tensor([16], device='cuda:0', dtype=torch.int32)
page_size: 16
new_tokens:  [(81, [13])]
total_batch_size:  256

Pipeline update:
- Stream name: TEST_TOTAL
- Is profile: True
- Decode batch size: 0
- Stream SM count: 108
- Cumsum input type: <class 'list'>
qo_indicies device: cuda:0, shape: torch.Size([2])
kv_indptr device: cuda:0, shape: torch.Size([2])
kv_indices device: cuda:0, shape: torch.Size([10240])
kv_last_page_len: tensor([16], device='cuda:0', dtype=torch.int32)
page_size: 16
new_tokens:  [(82, [13])]
total_batch_size:  256

Pipeline update:
- Stream name: TEST_TOTAL
- Is profile: True
- Decode batch size: 0
- Stream SM count: 108
- Cumsum input type: <class 'list'>
qo_indicies device: cuda:0, shape: torch.Size([2])
kv_indptr device: cuda:0, shape: torch.Size([2])
kv_indices device: cuda:0, shape: torch.Size([10240])
kv_last_page_len: tensor([16], device='cuda:0', dtype=torch.int32)
page_size: 16
new_tokens:  [(83, [13])]
total_batch_size:  256

Pipeline update:
- Stream name: TEST_TOTAL
- Is profile: True
- Decode batch size: 0
- Stream SM count: 108
- Cumsum input type: <class 'list'>
qo_indicies device: cuda:0, shape: torch.Size([2])
kv_indptr device: cuda:0, shape: torch.Size([2])
kv_indices device: cuda:0, shape: torch.Size([10240])
kv_last_page_len: tensor([16], device='cuda:0', dtype=torch.int32)
page_size: 16
new_tokens:  [(84, [13])]
total_batch_size:  256

Pipeline update:
- Stream name: TEST_TOTAL
- Is profile: True
- Decode batch size: 0
- Stream SM count: 108
- Cumsum input type: <class 'list'>
qo_indicies device: cuda:0, shape: torch.Size([2])
kv_indptr device: cuda:0, shape: torch.Size([2])
kv_indices device: cuda:0, shape: torch.Size([10240])
kv_last_page_len: tensor([16], device='cuda:0', dtype=torch.int32)
page_size: 16
new_tokens:  [(85, [13])]
total_batch_size:  256

Pipeline update:
- Stream name: TEST_TOTAL
- Is profile: True
- Decode batch size: 0
- Stream SM count: 108
- Cumsum input type: <class 'list'>
qo_indicies device: cuda:0, shape: torch.Size([2])
kv_indptr device: cuda:0, shape: torch.Size([2])
kv_indices device: cuda:0, shape: torch.Size([10240])
kv_last_page_len: tensor([16], device='cuda:0', dtype=torch.int32)
page_size: 16
new_tokens:  [(86, [13])]
total_batch_size:  256

Pipeline update:
- Stream name: TEST_TOTAL
- Is profile: True
- Decode batch size: 0
- Stream SM count: 108
- Cumsum input type: <class 'list'>
qo_indicies device: cuda:0, shape: torch.Size([2])
kv_indptr device: cuda:0, shape: torch.Size([2])
kv_indices device: cuda:0, shape: torch.Size([10240])
kv_last_page_len: tensor([16], device='cuda:0', dtype=torch.int32)
page_size: 16
new_tokens:  [(87, [13])]
total_batch_size:  256

Pipeline update:
- Stream name: TEST_TOTAL
- Is profile: True
- Decode batch size: 0
- Stream SM count: 108
- Cumsum input type: <class 'list'>
qo_indicies device: cuda:0, shape: torch.Size([2])
kv_indptr device: cuda:0, shape: torch.Size([2])
kv_indices device: cuda:0, shape: torch.Size([10240])
kv_last_page_len: tensor([16], device='cuda:0', dtype=torch.int32)
page_size: 16
new_tokens:  [(88, [13])]
total_batch_size:  256

Pipeline update:
- Stream name: TEST_TOTAL
- Is profile: True
- Decode batch size: 0
- Stream SM count: 108
- Cumsum input type: <class 'list'>
qo_indicies device: cuda:0, shape: torch.Size([2])
kv_indptr device: cuda:0, shape: torch.Size([2])
kv_indices device: cuda:0, shape: torch.Size([10240])
kv_last_page_len: tensor([16], device='cuda:0', dtype=torch.int32)
page_size: 16
new_tokens:  [(89, [13])]
total_batch_size:  256

Pipeline update:
- Stream name: TEST_TOTAL
- Is profile: True
- Decode batch size: 0
- Stream SM count: 108
- Cumsum input type: <class 'list'>
qo_indicies device: cuda:0, shape: torch.Size([2])
kv_indptr device: cuda:0, shape: torch.Size([2])
kv_indices device: cuda:0, shape: torch.Size([10240])
kv_last_page_len: tensor([16], device='cuda:0', dtype=torch.int32)
page_size: 16
new_tokens:  [(90, [13])]
total_batch_size:  256

Pipeline update:
- Stream name: TEST_TOTAL
- Is profile: True
- Decode batch size: 0
- Stream SM count: 108
- Cumsum input type: <class 'list'>
qo_indicies device: cuda:0, shape: torch.Size([2])
kv_indptr device: cuda:0, shape: torch.Size([2])
kv_indices device: cuda:0, shape: torch.Size([10240])
kv_last_page_len: tensor([16], device='cuda:0', dtype=torch.int32)
page_size: 16
new_tokens:  [(91, [13])]
total_batch_size:  256

Pipeline update:
- Stream name: TEST_TOTAL
- Is profile: True
- Decode batch size: 0
- Stream SM count: 108
- Cumsum input type: <class 'list'>
qo_indicies device: cuda:0, shape: torch.Size([2])
kv_indptr device: cuda:0, shape: torch.Size([2])
kv_indices device: cuda:0, shape: torch.Size([10240])
kv_last_page_len: tensor([16], device='cuda:0', dtype=torch.int32)
page_size: 16
new_tokens:  [(92, [13])]
total_batch_size:  256

Pipeline update:
- Stream name: TEST_TOTAL
- Is profile: True
- Decode batch size: 0
- Stream SM count: 108
- Cumsum input type: <class 'list'>
qo_indicies device: cuda:0, shape: torch.Size([2])
kv_indptr device: cuda:0, shape: torch.Size([2])
kv_indices device: cuda:0, shape: torch.Size([10240])
kv_last_page_len: tensor([16], device='cuda:0', dtype=torch.int32)
page_size: 16
new_tokens:  [(93, [13])]
total_batch_size:  256

Pipeline update:
- Stream name: TEST_TOTAL
- Is profile: True
- Decode batch size: 0
- Stream SM count: 108
- Cumsum input type: <class 'list'>
qo_indicies device: cuda:0, shape: torch.Size([2])
kv_indptr device: cuda:0, shape: torch.Size([2])
kv_indices device: cuda:0, shape: torch.Size([10240])
kv_last_page_len: tensor([16], device='cuda:0', dtype=torch.int32)
page_size: 16
new_tokens:  [(94, [13])]
total_batch_size:  256

Pipeline update:
- Stream name: TEST_TOTAL
- Is profile: True
- Decode batch size: 0
- Stream SM count: 108
- Cumsum input type: <class 'list'>
qo_indicies device: cuda:0, shape: torch.Size([2])
kv_indptr device: cuda:0, shape: torch.Size([2])
kv_indices device: cuda:0, shape: torch.Size([10240])
kv_last_page_len: tensor([16], device='cuda:0', dtype=torch.int32)
page_size: 16
new_tokens:  [(95, [13])]
total_batch_size:  256

Pipeline update:
- Stream name: TEST_TOTAL
- Is profile: True
- Decode batch size: 0
- Stream SM count: 108
- Cumsum input type: <class 'list'>
qo_indicies device: cuda:0, shape: torch.Size([2])
kv_indptr device: cuda:0, shape: torch.Size([2])
kv_indices device: cuda:0, shape: torch.Size([10240])
kv_last_page_len: tensor([16], device='cuda:0', dtype=torch.int32)
page_size: 16
new_tokens:  [(96, [13])]
total_batch_size:  256

Pipeline update:
- Stream name: TEST_TOTAL
- Is profile: True
- Decode batch size: 0
- Stream SM count: 108
- Cumsum input type: <class 'list'>
qo_indicies device: cuda:0, shape: torch.Size([2])
kv_indptr device: cuda:0, shape: torch.Size([2])
kv_indices device: cuda:0, shape: torch.Size([10240])
kv_last_page_len: tensor([16], device='cuda:0', dtype=torch.int32)
page_size: 16
new_tokens:  [(97, [13])]
total_batch_size:  256

Pipeline update:
- Stream name: TEST_TOTAL
- Is profile: True
- Decode batch size: 0
- Stream SM count: 108
- Cumsum input type: <class 'list'>
qo_indicies device: cuda:0, shape: torch.Size([2])
kv_indptr device: cuda:0, shape: torch.Size([2])
kv_indices device: cuda:0, shape: torch.Size([10240])
kv_last_page_len: tensor([16], device='cuda:0', dtype=torch.int32)
page_size: 16
new_tokens:  [(98, [13])]
total_batch_size:  256

Pipeline update:
- Stream name: TEST_TOTAL
- Is profile: True
- Decode batch size: 0
- Stream SM count: 108
- Cumsum input type: <class 'list'>
qo_indicies device: cuda:0, shape: torch.Size([2])
kv_indptr device: cuda:0, shape: torch.Size([2])
kv_indices device: cuda:0, shape: torch.Size([10240])
kv_last_page_len: tensor([16], device='cuda:0', dtype=torch.int32)
page_size: 16
new_tokens:  [(99, [13])]
total_batch_size:  256

Pipeline update:
- Stream name: TEST_TOTAL
- Is profile: True
- Decode batch size: 0
- Stream SM count: 108
- Cumsum input type: <class 'list'>
qo_indicies device: cuda:0, shape: torch.Size([2])
kv_indptr device: cuda:0, shape: torch.Size([2])
kv_indices device: cuda:0, shape: torch.Size([10240])
kv_last_page_len: tensor([16], device='cuda:0', dtype=torch.int32)
page_size: 16
new_tokens:  [(100, [13])]
total_batch_size:  256

Pipeline update:
- Stream name: TEST_TOTAL
- Is profile: True
- Decode batch size: 0
- Stream SM count: 108
- Cumsum input type: <class 'list'>
qo_indicies device: cuda:0, shape: torch.Size([2])
kv_indptr device: cuda:0, shape: torch.Size([2])
kv_indices device: cuda:0, shape: torch.Size([10240])
kv_last_page_len: tensor([16], device='cuda:0', dtype=torch.int32)
page_size: 16
new_tokens:  [(101, [13])]
total_batch_size:  256

Pipeline update:
- Stream name: TEST_TOTAL
- Is profile: True
- Decode batch size: 0
- Stream SM count: 108
- Cumsum input type: <class 'list'>
qo_indicies device: cuda:0, shape: torch.Size([2])
kv_indptr device: cuda:0, shape: torch.Size([2])
kv_indices device: cuda:0, shape: torch.Size([10240])
kv_last_page_len: tensor([16], device='cuda:0', dtype=torch.int32)
page_size: 16
new_tokens:  [(102, [13])]
total_batch_size:  256

Pipeline update:
- Stream name: TEST_TOTAL
- Is profile: True
- Decode batch size: 0
- Stream SM count: 108
- Cumsum input type: <class 'list'>
qo_indicies device: cuda:0, shape: torch.Size([2])
kv_indptr device: cuda:0, shape: torch.Size([2])
kv_indices device: cuda:0, shape: torch.Size([10240])
kv_last_page_len: tensor([16], device='cuda:0', dtype=torch.int32)
page_size: 16
new_tokens:  [(103, [13])]
total_batch_size:  256

Pipeline update:
- Stream name: TEST_TOTAL
- Is profile: True
- Decode batch size: 0
- Stream SM count: 108
- Cumsum input type: <class 'list'>
qo_indicies device: cuda:0, shape: torch.Size([2])
kv_indptr device: cuda:0, shape: torch.Size([2])
kv_indices device: cuda:0, shape: torch.Size([10240])
kv_last_page_len: tensor([16], device='cuda:0', dtype=torch.int32)
page_size: 16
new_tokens:  [(104, [13])]
total_batch_size:  256

Pipeline update:
- Stream name: TEST_TOTAL
- Is profile: True
- Decode batch size: 0
- Stream SM count: 108
- Cumsum input type: <class 'list'>
qo_indicies device: cuda:0, shape: torch.Size([2])
kv_indptr device: cuda:0, shape: torch.Size([2])
kv_indices device: cuda:0, shape: torch.Size([10240])
kv_last_page_len: tensor([16], device='cuda:0', dtype=torch.int32)
page_size: 16
new_tokens:  [(105, [13])]
total_batch_size:  256

Pipeline update:
- Stream name: TEST_TOTAL
- Is profile: True
- Decode batch size: 0
- Stream SM count: 108
- Cumsum input type: <class 'list'>
qo_indicies device: cuda:0, shape: torch.Size([2])
kv_indptr device: cuda:0, shape: torch.Size([2])
kv_indices device: cuda:0, shape: torch.Size([10240])
kv_last_page_len: tensor([16], device='cuda:0', dtype=torch.int32)
page_size: 16
new_tokens:  [(106, [13])]
total_batch_size:  256

Pipeline update:
- Stream name: TEST_TOTAL
- Is profile: True
- Decode batch size: 0
- Stream SM count: 108
- Cumsum input type: <class 'list'>
qo_indicies device: cuda:0, shape: torch.Size([2])
kv_indptr device: cuda:0, shape: torch.Size([2])
kv_indices device: cuda:0, shape: torch.Size([10240])
kv_last_page_len: tensor([16], device='cuda:0', dtype=torch.int32)
page_size: 16
new_tokens:  [(107, [13])]
total_batch_size:  256

Pipeline update:
- Stream name: TEST_TOTAL
- Is profile: True
- Decode batch size: 0
- Stream SM count: 108
- Cumsum input type: <class 'list'>
qo_indicies device: cuda:0, shape: torch.Size([2])
kv_indptr device: cuda:0, shape: torch.Size([2])
kv_indices device: cuda:0, shape: torch.Size([10240])
kv_last_page_len: tensor([16], device='cuda:0', dtype=torch.int32)
page_size: 16
new_tokens:  [(108, [13])]
total_batch_size:  256

Pipeline update:
- Stream name: TEST_TOTAL
- Is profile: True
- Decode batch size: 0
- Stream SM count: 108
- Cumsum input type: <class 'list'>
qo_indicies device: cuda:0, shape: torch.Size([2])
kv_indptr device: cuda:0, shape: torch.Size([2])
kv_indices device: cuda:0, shape: torch.Size([10240])
kv_last_page_len: tensor([16], device='cuda:0', dtype=torch.int32)
page_size: 16
new_tokens:  [(109, [13])]
total_batch_size:  256

Pipeline update:
- Stream name: TEST_TOTAL
- Is profile: True
- Decode batch size: 0
- Stream SM count: 108
- Cumsum input type: <class 'list'>
qo_indicies device: cuda:0, shape: torch.Size([2])
kv_indptr device: cuda:0, shape: torch.Size([2])
kv_indices device: cuda:0, shape: torch.Size([10240])
kv_last_page_len: tensor([16], device='cuda:0', dtype=torch.int32)
page_size: 16
new_tokens:  [(110, [13])]
total_batch_size:  256

Pipeline update:
- Stream name: TEST_TOTAL
- Is profile: True
- Decode batch size: 0
- Stream SM count: 108
- Cumsum input type: <class 'list'>
qo_indicies device: cuda:0, shape: torch.Size([2])
kv_indptr device: cuda:0, shape: torch.Size([2])
kv_indices device: cuda:0, shape: torch.Size([10240])
kv_last_page_len: tensor([16], device='cuda:0', dtype=torch.int32)
page_size: 16
new_tokens:  [(111, [13])]
total_batch_size:  256

Pipeline update:
- Stream name: TEST_TOTAL
- Is profile: True
- Decode batch size: 0
- Stream SM count: 108
- Cumsum input type: <class 'list'>
qo_indicies device: cuda:0, shape: torch.Size([2])
kv_indptr device: cuda:0, shape: torch.Size([2])
kv_indices device: cuda:0, shape: torch.Size([10240])
kv_last_page_len: tensor([16], device='cuda:0', dtype=torch.int32)
page_size: 16
new_tokens:  [(112, [13])]
total_batch_size:  256

Pipeline update:
- Stream name: TEST_TOTAL
- Is profile: True
- Decode batch size: 0
- Stream SM count: 108
- Cumsum input type: <class 'list'>
qo_indicies device: cuda:0, shape: torch.Size([2])
kv_indptr device: cuda:0, shape: torch.Size([2])
kv_indices device: cuda:0, shape: torch.Size([10240])
kv_last_page_len: tensor([16], device='cuda:0', dtype=torch.int32)
page_size: 16
new_tokens:  [(113, [13])]
total_batch_size:  256

Pipeline update:
- Stream name: TEST_TOTAL
- Is profile: True
- Decode batch size: 0
- Stream SM count: 108
- Cumsum input type: <class 'list'>
qo_indicies device: cuda:0, shape: torch.Size([2])
kv_indptr device: cuda:0, shape: torch.Size([2])
kv_indices device: cuda:0, shape: torch.Size([10240])
kv_last_page_len: tensor([16], device='cuda:0', dtype=torch.int32)
page_size: 16
new_tokens:  [(114, [13])]
total_batch_size:  256

Pipeline update:
- Stream name: TEST_TOTAL
- Is profile: True
- Decode batch size: 0
- Stream SM count: 108
- Cumsum input type: <class 'list'>
qo_indicies device: cuda:0, shape: torch.Size([2])
kv_indptr device: cuda:0, shape: torch.Size([2])
kv_indices device: cuda:0, shape: torch.Size([10240])
kv_last_page_len: tensor([16], device='cuda:0', dtype=torch.int32)
page_size: 16
new_tokens:  [(115, [13])]
total_batch_size:  256

Pipeline update:
- Stream name: TEST_TOTAL
- Is profile: True
- Decode batch size: 0
- Stream SM count: 108
- Cumsum input type: <class 'list'>
qo_indicies device: cuda:0, shape: torch.Size([2])
kv_indptr device: cuda:0, shape: torch.Size([2])
kv_indices device: cuda:0, shape: torch.Size([10240])
kv_last_page_len: tensor([16], device='cuda:0', dtype=torch.int32)
page_size: 16
new_tokens:  [(116, [13])]
total_batch_size:  256

Pipeline update:
- Stream name: TEST_TOTAL
- Is profile: True
- Decode batch size: 0
- Stream SM count: 108
- Cumsum input type: <class 'list'>
qo_indicies device: cuda:0, shape: torch.Size([2])
kv_indptr device: cuda:0, shape: torch.Size([2])
kv_indices device: cuda:0, shape: torch.Size([10240])
kv_last_page_len: tensor([16], device='cuda:0', dtype=torch.int32)
page_size: 16
new_tokens:  [(117, [13])]
total_batch_size:  256

Pipeline update:
- Stream name: TEST_TOTAL
- Is profile: True
- Decode batch size: 0
- Stream SM count: 108
- Cumsum input type: <class 'list'>
qo_indicies device: cuda:0, shape: torch.Size([2])
kv_indptr device: cuda:0, shape: torch.Size([2])
kv_indices device: cuda:0, shape: torch.Size([10240])
kv_last_page_len: tensor([16], device='cuda:0', dtype=torch.int32)
page_size: 16
new_tokens:  [(118, [13])]
total_batch_size:  256

Pipeline update:
- Stream name: TEST_TOTAL
- Is profile: True
- Decode batch size: 0
- Stream SM count: 108
- Cumsum input type: <class 'list'>
qo_indicies device: cuda:0, shape: torch.Size([2])
kv_indptr device: cuda:0, shape: torch.Size([2])
kv_indices device: cuda:0, shape: torch.Size([10240])
kv_last_page_len: tensor([16], device='cuda:0', dtype=torch.int32)
page_size: 16
new_tokens:  [(119, [13])]
total_batch_size:  256

Pipeline update:
- Stream name: TEST_TOTAL
- Is profile: True
- Decode batch size: 0
- Stream SM count: 108
- Cumsum input type: <class 'list'>
qo_indicies device: cuda:0, shape: torch.Size([2])
kv_indptr device: cuda:0, shape: torch.Size([2])
kv_indices device: cuda:0, shape: torch.Size([10240])
kv_last_page_len: tensor([16], device='cuda:0', dtype=torch.int32)
page_size: 16
new_tokens:  [(120, [13])]
total_batch_size:  256

Pipeline update:
- Stream name: TEST_TOTAL
- Is profile: True
- Decode batch size: 0
- Stream SM count: 108
- Cumsum input type: <class 'list'>
qo_indicies device: cuda:0, shape: torch.Size([2])
kv_indptr device: cuda:0, shape: torch.Size([2])
kv_indices device: cuda:0, shape: torch.Size([10240])
kv_last_page_len: tensor([16], device='cuda:0', dtype=torch.int32)
page_size: 16
new_tokens:  [(121, [13])]
total_batch_size:  256

Pipeline update:
- Stream name: TEST_TOTAL
- Is profile: True
- Decode batch size: 0
- Stream SM count: 108
- Cumsum input type: <class 'list'>
qo_indicies device: cuda:0, shape: torch.Size([2])
kv_indptr device: cuda:0, shape: torch.Size([2])
kv_indices device: cuda:0, shape: torch.Size([10240])
kv_last_page_len: tensor([16], device='cuda:0', dtype=torch.int32)
page_size: 16
new_tokens:  [(122, [13])]
total_batch_size:  256

Pipeline update:
- Stream name: TEST_TOTAL
- Is profile: True
- Decode batch size: 0
- Stream SM count: 108
- Cumsum input type: <class 'list'>
qo_indicies device: cuda:0, shape: torch.Size([2])
kv_indptr device: cuda:0, shape: torch.Size([2])
kv_indices device: cuda:0, shape: torch.Size([10240])
kv_last_page_len: tensor([16], device='cuda:0', dtype=torch.int32)
page_size: 16
new_tokens:  [(123, [13])]
total_batch_size:  256

Pipeline update:
- Stream name: TEST_TOTAL
- Is profile: True
- Decode batch size: 0
- Stream SM count: 108
- Cumsum input type: <class 'list'>
qo_indicies device: cuda:0, shape: torch.Size([2])
kv_indptr device: cuda:0, shape: torch.Size([2])
kv_indices device: cuda:0, shape: torch.Size([10240])
kv_last_page_len: tensor([16], device='cuda:0', dtype=torch.int32)
page_size: 16
new_tokens:  [(124, [13])]
total_batch_size:  256

Pipeline update:
- Stream name: TEST_TOTAL
- Is profile: True
- Decode batch size: 0
- Stream SM count: 108
- Cumsum input type: <class 'list'>
qo_indicies device: cuda:0, shape: torch.Size([2])
kv_indptr device: cuda:0, shape: torch.Size([2])
kv_indices device: cuda:0, shape: torch.Size([10240])
kv_last_page_len: tensor([16], device='cuda:0', dtype=torch.int32)
page_size: 16
new_tokens:  [(125, [13])]
total_batch_size:  256

Pipeline update:
- Stream name: TEST_TOTAL
- Is profile: True
- Decode batch size: 0
- Stream SM count: 108
- Cumsum input type: <class 'list'>
qo_indicies device: cuda:0, shape: torch.Size([2])
kv_indptr device: cuda:0, shape: torch.Size([2])
kv_indices device: cuda:0, shape: torch.Size([10240])
kv_last_page_len: tensor([16], device='cuda:0', dtype=torch.int32)
page_size: 16
new_tokens:  [(126, [13])]
total_batch_size:  256

Pipeline update:
- Stream name: TEST_TOTAL
- Is profile: True
- Decode batch size: 0
- Stream SM count: 108
- Cumsum input type: <class 'list'>
qo_indicies device: cuda:0, shape: torch.Size([2])
kv_indptr device: cuda:0, shape: torch.Size([2])
kv_indices device: cuda:0, shape: torch.Size([10240])
kv_last_page_len: tensor([16], device='cuda:0', dtype=torch.int32)
page_size: 16
new_tokens:  [(127, [13])]
total_batch_size:  256

Pipeline update:
- Stream name: TEST_TOTAL
- Is profile: True
- Decode batch size: 0
- Stream SM count: 108
- Cumsum input type: <class 'list'>
qo_indicies device: cuda:0, shape: torch.Size([2])
kv_indptr device: cuda:0, shape: torch.Size([2])
kv_indices device: cuda:0, shape: torch.Size([10240])
kv_last_page_len: tensor([16], device='cuda:0', dtype=torch.int32)
page_size: 16
new_tokens:  [(128, [13])]
total_batch_size:  256

Pipeline update:
- Stream name: TEST_TOTAL
- Is profile: True
- Decode batch size: 0
- Stream SM count: 108
- Cumsum input type: <class 'list'>
qo_indicies device: cuda:0, shape: torch.Size([2])
kv_indptr device: cuda:0, shape: torch.Size([2])
kv_indices device: cuda:0, shape: torch.Size([10240])
kv_last_page_len: tensor([16], device='cuda:0', dtype=torch.int32)
page_size: 16
new_tokens:  [(129, [13])]
total_batch_size:  256

Pipeline update:
- Stream name: TEST_TOTAL
- Is profile: True
- Decode batch size: 0
- Stream SM count: 108
- Cumsum input type: <class 'list'>
qo_indicies device: cuda:0, shape: torch.Size([2])
kv_indptr device: cuda:0, shape: torch.Size([2])
kv_indices device: cuda:0, shape: torch.Size([10240])
kv_last_page_len: tensor([16], device='cuda:0', dtype=torch.int32)
page_size: 16
new_tokens:  [(130, [13])]
total_batch_size:  256

Pipeline update:
- Stream name: TEST_TOTAL
- Is profile: True
- Decode batch size: 0
- Stream SM count: 108
- Cumsum input type: <class 'list'>
qo_indicies device: cuda:0, shape: torch.Size([2])
kv_indptr device: cuda:0, shape: torch.Size([2])
kv_indices device: cuda:0, shape: torch.Size([10240])
kv_last_page_len: tensor([16], device='cuda:0', dtype=torch.int32)
page_size: 16
new_tokens:  [(131, [13])]
total_batch_size:  256

Pipeline update:
- Stream name: TEST_TOTAL
- Is profile: True
- Decode batch size: 0
- Stream SM count: 108
- Cumsum input type: <class 'list'>
qo_indicies device: cuda:0, shape: torch.Size([2])
kv_indptr device: cuda:0, shape: torch.Size([2])
kv_indices device: cuda:0, shape: torch.Size([10240])
kv_last_page_len: tensor([16], device='cuda:0', dtype=torch.int32)
page_size: 16
new_tokens:  [(132, [13])]
total_batch_size:  256

Pipeline update:
- Stream name: TEST_TOTAL
- Is profile: True
- Decode batch size: 0
- Stream SM count: 108
- Cumsum input type: <class 'list'>
qo_indicies device: cuda:0, shape: torch.Size([2])
kv_indptr device: cuda:0, shape: torch.Size([2])
kv_indices device: cuda:0, shape: torch.Size([10240])
kv_last_page_len: tensor([16], device='cuda:0', dtype=torch.int32)
page_size: 16
new_tokens:  [(133, [13])]
total_batch_size:  256

Pipeline update:
- Stream name: TEST_TOTAL
- Is profile: True
- Decode batch size: 0
- Stream SM count: 108
- Cumsum input type: <class 'list'>
qo_indicies device: cuda:0, shape: torch.Size([2])
kv_indptr device: cuda:0, shape: torch.Size([2])
kv_indices device: cuda:0, shape: torch.Size([10240])
kv_last_page_len: tensor([16], device='cuda:0', dtype=torch.int32)
page_size: 16
new_tokens:  [(134, [13])]
total_batch_size:  256

Pipeline update:
- Stream name: TEST_TOTAL
- Is profile: True
- Decode batch size: 0
- Stream SM count: 108
- Cumsum input type: <class 'list'>
qo_indicies device: cuda:0, shape: torch.Size([2])
kv_indptr device: cuda:0, shape: torch.Size([2])
kv_indices device: cuda:0, shape: torch.Size([10240])
kv_last_page_len: tensor([16], device='cuda:0', dtype=torch.int32)
page_size: 16
new_tokens:  [(135, [13])]
total_batch_size:  256

Pipeline update:
- Stream name: TEST_TOTAL
- Is profile: True
- Decode batch size: 0
- Stream SM count: 108
- Cumsum input type: <class 'list'>
qo_indicies device: cuda:0, shape: torch.Size([2])
kv_indptr device: cuda:0, shape: torch.Size([2])
kv_indices device: cuda:0, shape: torch.Size([10240])
kv_last_page_len: tensor([16], device='cuda:0', dtype=torch.int32)
page_size: 16
new_tokens:  [(136, [13])]
total_batch_size:  256

Pipeline update:
- Stream name: TEST_TOTAL
- Is profile: True
- Decode batch size: 0
- Stream SM count: 108
- Cumsum input type: <class 'list'>
qo_indicies device: cuda:0, shape: torch.Size([2])
kv_indptr device: cuda:0, shape: torch.Size([2])
kv_indices device: cuda:0, shape: torch.Size([10240])
kv_last_page_len: tensor([16], device='cuda:0', dtype=torch.int32)
page_size: 16
new_tokens:  [(137, [13])]
total_batch_size:  256

Pipeline update:
- Stream name: TEST_TOTAL
- Is profile: True
- Decode batch size: 0
- Stream SM count: 108
- Cumsum input type: <class 'list'>
qo_indicies device: cuda:0, shape: torch.Size([2])
kv_indptr device: cuda:0, shape: torch.Size([2])
kv_indices device: cuda:0, shape: torch.Size([10240])
kv_last_page_len: tensor([16], device='cuda:0', dtype=torch.int32)
page_size: 16
new_tokens:  [(138, [13])]
total_batch_size:  256

Pipeline update:
- Stream name: TEST_TOTAL
- Is profile: True
- Decode batch size: 0
- Stream SM count: 108
- Cumsum input type: <class 'list'>
qo_indicies device: cuda:0, shape: torch.Size([2])
kv_indptr device: cuda:0, shape: torch.Size([2])
kv_indices device: cuda:0, shape: torch.Size([10240])
kv_last_page_len: tensor([16], device='cuda:0', dtype=torch.int32)
page_size: 16
new_tokens:  [(139, [13])]
total_batch_size:  256

Pipeline update:
- Stream name: TEST_TOTAL
- Is profile: True
- Decode batch size: 0
- Stream SM count: 108
- Cumsum input type: <class 'list'>
qo_indicies device: cuda:0, shape: torch.Size([2])
kv_indptr device: cuda:0, shape: torch.Size([2])
kv_indices device: cuda:0, shape: torch.Size([10240])
kv_last_page_len: tensor([16], device='cuda:0', dtype=torch.int32)
page_size: 16
new_tokens:  [(140, [13])]
total_batch_size:  256

Pipeline update:
- Stream name: TEST_TOTAL
- Is profile: True
- Decode batch size: 0
- Stream SM count: 108
- Cumsum input type: <class 'list'>
qo_indicies device: cuda:0, shape: torch.Size([2])
kv_indptr device: cuda:0, shape: torch.Size([2])
kv_indices device: cuda:0, shape: torch.Size([10240])
kv_last_page_len: tensor([16], device='cuda:0', dtype=torch.int32)
page_size: 16
new_tokens:  [(141, [13])]
total_batch_size:  256

Pipeline update:
- Stream name: TEST_TOTAL
- Is profile: True
- Decode batch size: 0
- Stream SM count: 108
- Cumsum input type: <class 'list'>
qo_indicies device: cuda:0, shape: torch.Size([2])
kv_indptr device: cuda:0, shape: torch.Size([2])
kv_indices device: cuda:0, shape: torch.Size([10240])
kv_last_page_len: tensor([16], device='cuda:0', dtype=torch.int32)
page_size: 16
new_tokens:  [(142, [13])]
total_batch_size:  256

Pipeline update:
- Stream name: TEST_TOTAL
- Is profile: True
- Decode batch size: 0
- Stream SM count: 108
- Cumsum input type: <class 'list'>
qo_indicies device: cuda:0, shape: torch.Size([2])
kv_indptr device: cuda:0, shape: torch.Size([2])
kv_indices device: cuda:0, shape: torch.Size([10240])
kv_last_page_len: tensor([16], device='cuda:0', dtype=torch.int32)
page_size: 16
new_tokens:  [(143, [13])]
total_batch_size:  256

Pipeline update:
- Stream name: TEST_TOTAL
- Is profile: True
- Decode batch size: 0
- Stream SM count: 108
- Cumsum input type: <class 'list'>
qo_indicies device: cuda:0, shape: torch.Size([2])
kv_indptr device: cuda:0, shape: torch.Size([2])
kv_indices device: cuda:0, shape: torch.Size([10240])
kv_last_page_len: tensor([16], device='cuda:0', dtype=torch.int32)
page_size: 16
new_tokens:  [(144, [13])]
total_batch_size:  256

Pipeline update:
- Stream name: TEST_TOTAL
- Is profile: True
- Decode batch size: 0
- Stream SM count: 108
- Cumsum input type: <class 'list'>
qo_indicies device: cuda:0, shape: torch.Size([2])
kv_indptr device: cuda:0, shape: torch.Size([2])
kv_indices device: cuda:0, shape: torch.Size([10240])
kv_last_page_len: tensor([16], device='cuda:0', dtype=torch.int32)
page_size: 16
new_tokens:  [(145, [13])]
total_batch_size:  256

Pipeline update:
- Stream name: TEST_TOTAL
- Is profile: True
- Decode batch size: 0
- Stream SM count: 108
- Cumsum input type: <class 'list'>
qo_indicies device: cuda:0, shape: torch.Size([2])
kv_indptr device: cuda:0, shape: torch.Size([2])
kv_indices device: cuda:0, shape: torch.Size([10240])
kv_last_page_len: tensor([16], device='cuda:0', dtype=torch.int32)
page_size: 16
new_tokens:  [(146, [13])]
total_batch_size:  256

Pipeline update:
- Stream name: TEST_TOTAL
- Is profile: True
- Decode batch size: 0
- Stream SM count: 108
- Cumsum input type: <class 'list'>
qo_indicies device: cuda:0, shape: torch.Size([2])
kv_indptr device: cuda:0, shape: torch.Size([2])
kv_indices device: cuda:0, shape: torch.Size([10240])
kv_last_page_len: tensor([16], device='cuda:0', dtype=torch.int32)
page_size: 16
new_tokens:  [(147, [13])]
total_batch_size:  256

Pipeline update:
- Stream name: TEST_TOTAL
- Is profile: True
- Decode batch size: 0
- Stream SM count: 108
- Cumsum input type: <class 'list'>
qo_indicies device: cuda:0, shape: torch.Size([2])
kv_indptr device: cuda:0, shape: torch.Size([2])
kv_indices device: cuda:0, shape: torch.Size([10240])
kv_last_page_len: tensor([16], device='cuda:0', dtype=torch.int32)
page_size: 16
new_tokens:  [(148, [13])]
total_batch_size:  256

Pipeline update:
- Stream name: TEST_TOTAL
- Is profile: True
- Decode batch size: 0
- Stream SM count: 108
- Cumsum input type: <class 'list'>
qo_indicies device: cuda:0, shape: torch.Size([2])
kv_indptr device: cuda:0, shape: torch.Size([2])
kv_indices device: cuda:0, shape: torch.Size([10240])
kv_last_page_len: tensor([16], device='cuda:0', dtype=torch.int32)
page_size: 16
new_tokens:  [(149, [13])]
total_batch_size:  256

Pipeline update:
- Stream name: TEST_TOTAL
- Is profile: True
- Decode batch size: 0
- Stream SM count: 108
- Cumsum input type: <class 'list'>
qo_indicies device: cuda:0, shape: torch.Size([2])
kv_indptr device: cuda:0, shape: torch.Size([2])
kv_indices device: cuda:0, shape: torch.Size([10240])
kv_last_page_len: tensor([16], device='cuda:0', dtype=torch.int32)
page_size: 16
new_tokens:  [(150, [13])]
total_batch_size:  256

Pipeline update:
- Stream name: TEST_TOTAL
- Is profile: True
- Decode batch size: 0
- Stream SM count: 108
- Cumsum input type: <class 'list'>
qo_indicies device: cuda:0, shape: torch.Size([2])
kv_indptr device: cuda:0, shape: torch.Size([2])
kv_indices device: cuda:0, shape: torch.Size([10240])
kv_last_page_len: tensor([16], device='cuda:0', dtype=torch.int32)
page_size: 16
new_tokens:  [(151, [13])]
total_batch_size:  256

Pipeline update:
- Stream name: TEST_TOTAL
- Is profile: True
- Decode batch size: 0
- Stream SM count: 108
- Cumsum input type: <class 'list'>
qo_indicies device: cuda:0, shape: torch.Size([2])
kv_indptr device: cuda:0, shape: torch.Size([2])
kv_indices device: cuda:0, shape: torch.Size([10240])
kv_last_page_len: tensor([16], device='cuda:0', dtype=torch.int32)
page_size: 16
new_tokens:  [(152, [13])]
total_batch_size:  256

Pipeline update:
- Stream name: TEST_TOTAL
- Is profile: True
- Decode batch size: 0
- Stream SM count: 108
- Cumsum input type: <class 'list'>
qo_indicies device: cuda:0, shape: torch.Size([2])
kv_indptr device: cuda:0, shape: torch.Size([2])
kv_indices device: cuda:0, shape: torch.Size([10240])
kv_last_page_len: tensor([16], device='cuda:0', dtype=torch.int32)
page_size: 16
new_tokens:  [(153, [13])]
total_batch_size:  256

Pipeline update:
- Stream name: TEST_TOTAL
- Is profile: True
- Decode batch size: 0
- Stream SM count: 108
- Cumsum input type: <class 'list'>
qo_indicies device: cuda:0, shape: torch.Size([2])
kv_indptr device: cuda:0, shape: torch.Size([2])
kv_indices device: cuda:0, shape: torch.Size([10240])
kv_last_page_len: tensor([16], device='cuda:0', dtype=torch.int32)
page_size: 16
new_tokens:  [(154, [13])]
total_batch_size:  256

Pipeline update:
- Stream name: TEST_TOTAL
- Is profile: True
- Decode batch size: 0
- Stream SM count: 108
- Cumsum input type: <class 'list'>
qo_indicies device: cuda:0, shape: torch.Size([2])
kv_indptr device: cuda:0, shape: torch.Size([2])
kv_indices device: cuda:0, shape: torch.Size([10240])
kv_last_page_len: tensor([16], device='cuda:0', dtype=torch.int32)
page_size: 16
new_tokens:  [(155, [13])]
total_batch_size:  256

Pipeline update:
- Stream name: TEST_TOTAL
- Is profile: True
- Decode batch size: 0
- Stream SM count: 108
- Cumsum input type: <class 'list'>
qo_indicies device: cuda:0, shape: torch.Size([2])
kv_indptr device: cuda:0, shape: torch.Size([2])
kv_indices device: cuda:0, shape: torch.Size([10240])
kv_last_page_len: tensor([16], device='cuda:0', dtype=torch.int32)
page_size: 16
new_tokens:  [(156, [13])]
total_batch_size:  256

Pipeline update:
- Stream name: TEST_TOTAL
- Is profile: True
- Decode batch size: 0
- Stream SM count: 108
- Cumsum input type: <class 'list'>
qo_indicies device: cuda:0, shape: torch.Size([2])
kv_indptr device: cuda:0, shape: torch.Size([2])
kv_indices device: cuda:0, shape: torch.Size([10240])
kv_last_page_len: tensor([16], device='cuda:0', dtype=torch.int32)
page_size: 16
new_tokens:  [(157, [13])]
total_batch_size:  256

Pipeline update:
- Stream name: TEST_TOTAL
- Is profile: True
- Decode batch size: 0
- Stream SM count: 108
- Cumsum input type: <class 'list'>
qo_indicies device: cuda:0, shape: torch.Size([2])
kv_indptr device: cuda:0, shape: torch.Size([2])
kv_indices device: cuda:0, shape: torch.Size([10240])
kv_last_page_len: tensor([16], device='cuda:0', dtype=torch.int32)
page_size: 16
new_tokens:  [(158, [13])]
total_batch_size:  256

Pipeline update:
- Stream name: TEST_TOTAL
- Is profile: True
- Decode batch size: 0
- Stream SM count: 108
- Cumsum input type: <class 'list'>
qo_indicies device: cuda:0, shape: torch.Size([2])
kv_indptr device: cuda:0, shape: torch.Size([2])
kv_indices device: cuda:0, shape: torch.Size([10240])
kv_last_page_len: tensor([16], device='cuda:0', dtype=torch.int32)
page_size: 16
new_tokens:  [(159, [13])]
total_batch_size:  256

Pipeline update:
- Stream name: TEST_TOTAL
- Is profile: True
- Decode batch size: 0
- Stream SM count: 108
- Cumsum input type: <class 'list'>
qo_indicies device: cuda:0, shape: torch.Size([2])
kv_indptr device: cuda:0, shape: torch.Size([2])
kv_indices device: cuda:0, shape: torch.Size([10240])
kv_last_page_len: tensor([16], device='cuda:0', dtype=torch.int32)
page_size: 16
new_tokens:  [(160, [13])]
total_batch_size:  256

Pipeline update:
- Stream name: TEST_TOTAL
- Is profile: True
- Decode batch size: 0
- Stream SM count: 108
- Cumsum input type: <class 'list'>
qo_indicies device: cuda:0, shape: torch.Size([2])
kv_indptr device: cuda:0, shape: torch.Size([2])
kv_indices device: cuda:0, shape: torch.Size([10240])
kv_last_page_len: tensor([16], device='cuda:0', dtype=torch.int32)
page_size: 16
new_tokens:  [(161, [13])]
total_batch_size:  256

Pipeline update:
- Stream name: TEST_TOTAL
- Is profile: True
- Decode batch size: 0
- Stream SM count: 108
- Cumsum input type: <class 'list'>
qo_indicies device: cuda:0, shape: torch.Size([2])
kv_indptr device: cuda:0, shape: torch.Size([2])
kv_indices device: cuda:0, shape: torch.Size([10240])
kv_last_page_len: tensor([16], device='cuda:0', dtype=torch.int32)
page_size: 16
new_tokens:  [(162, [13])]
total_batch_size:  256

Pipeline update:
- Stream name: TEST_TOTAL
- Is profile: True
- Decode batch size: 0
- Stream SM count: 108
- Cumsum input type: <class 'list'>
qo_indicies device: cuda:0, shape: torch.Size([2])
kv_indptr device: cuda:0, shape: torch.Size([2])
kv_indices device: cuda:0, shape: torch.Size([10240])
kv_last_page_len: tensor([16], device='cuda:0', dtype=torch.int32)
page_size: 16
new_tokens:  [(163, [13])]
total_batch_size:  256

Pipeline update:
- Stream name: TEST_TOTAL
- Is profile: True
- Decode batch size: 0
- Stream SM count: 108
- Cumsum input type: <class 'list'>
qo_indicies device: cuda:0, shape: torch.Size([2])
kv_indptr device: cuda:0, shape: torch.Size([2])
kv_indices device: cuda:0, shape: torch.Size([10240])
kv_last_page_len: tensor([16], device='cuda:0', dtype=torch.int32)
page_size: 16
new_tokens:  [(164, [13])]
total_batch_size:  256

Pipeline update:
- Stream name: TEST_TOTAL
- Is profile: True
- Decode batch size: 0
- Stream SM count: 108
- Cumsum input type: <class 'list'>
qo_indicies device: cuda:0, shape: torch.Size([2])
kv_indptr device: cuda:0, shape: torch.Size([2])
kv_indices device: cuda:0, shape: torch.Size([10240])
kv_last_page_len: tensor([16], device='cuda:0', dtype=torch.int32)
page_size: 16
new_tokens:  [(165, [13])]
total_batch_size:  256

Pipeline update:
- Stream name: TEST_TOTAL
- Is profile: True
- Decode batch size: 0
- Stream SM count: 108
- Cumsum input type: <class 'list'>
qo_indicies device: cuda:0, shape: torch.Size([2])
kv_indptr device: cuda:0, shape: torch.Size([2])
kv_indices device: cuda:0, shape: torch.Size([10240])
kv_last_page_len: tensor([16], device='cuda:0', dtype=torch.int32)
page_size: 16
new_tokens:  [(166, [13])]
total_batch_size:  256

Pipeline update:
- Stream name: TEST_TOTAL
- Is profile: True
- Decode batch size: 0
- Stream SM count: 108
- Cumsum input type: <class 'list'>
qo_indicies device: cuda:0, shape: torch.Size([2])
kv_indptr device: cuda:0, shape: torch.Size([2])
kv_indices device: cuda:0, shape: torch.Size([10240])
kv_last_page_len: tensor([16], device='cuda:0', dtype=torch.int32)
page_size: 16
new_tokens:  [(167, [13])]
total_batch_size:  256

Pipeline update:
- Stream name: TEST_TOTAL
- Is profile: True
- Decode batch size: 0
- Stream SM count: 108
- Cumsum input type: <class 'list'>
qo_indicies device: cuda:0, shape: torch.Size([2])
kv_indptr device: cuda:0, shape: torch.Size([2])
kv_indices device: cuda:0, shape: torch.Size([10240])
kv_last_page_len: tensor([16], device='cuda:0', dtype=torch.int32)
page_size: 16
new_tokens:  [(168, [13])]
total_batch_size:  256

Pipeline update:
- Stream name: TEST_TOTAL
- Is profile: True
- Decode batch size: 0
- Stream SM count: 108
- Cumsum input type: <class 'list'>
qo_indicies device: cuda:0, shape: torch.Size([2])
kv_indptr device: cuda:0, shape: torch.Size([2])
kv_indices device: cuda:0, shape: torch.Size([10240])
kv_last_page_len: tensor([16], device='cuda:0', dtype=torch.int32)
page_size: 16
new_tokens:  [(169, [13])]
total_batch_size:  256

Pipeline update:
- Stream name: TEST_TOTAL
- Is profile: True
- Decode batch size: 0
- Stream SM count: 108
- Cumsum input type: <class 'list'>
qo_indicies device: cuda:0, shape: torch.Size([2])
kv_indptr device: cuda:0, shape: torch.Size([2])
kv_indices device: cuda:0, shape: torch.Size([10240])
kv_last_page_len: tensor([16], device='cuda:0', dtype=torch.int32)
page_size: 16
new_tokens:  [(170, [13])]
total_batch_size:  256

Pipeline update:
- Stream name: TEST_TOTAL
- Is profile: True
- Decode batch size: 0
- Stream SM count: 108
- Cumsum input type: <class 'list'>
qo_indicies device: cuda:0, shape: torch.Size([2])
kv_indptr device: cuda:0, shape: torch.Size([2])
kv_indices device: cuda:0, shape: torch.Size([10240])
kv_last_page_len: tensor([16], device='cuda:0', dtype=torch.int32)
page_size: 16
new_tokens:  [(171, [13])]
total_batch_size:  256

Pipeline update:
- Stream name: TEST_TOTAL
- Is profile: True
- Decode batch size: 0
- Stream SM count: 108
- Cumsum input type: <class 'list'>
qo_indicies device: cuda:0, shape: torch.Size([2])
kv_indptr device: cuda:0, shape: torch.Size([2])
kv_indices device: cuda:0, shape: torch.Size([10240])
kv_last_page_len: tensor([16], device='cuda:0', dtype=torch.int32)
page_size: 16
new_tokens:  [(172, [13])]
total_batch_size:  256

Pipeline update:
- Stream name: TEST_TOTAL
- Is profile: True
- Decode batch size: 0
- Stream SM count: 108
- Cumsum input type: <class 'list'>
qo_indicies device: cuda:0, shape: torch.Size([2])
kv_indptr device: cuda:0, shape: torch.Size([2])
kv_indices device: cuda:0, shape: torch.Size([10240])
kv_last_page_len: tensor([16], device='cuda:0', dtype=torch.int32)
page_size: 16
new_tokens:  [(173, [13])]
total_batch_size:  256

Pipeline update:
- Stream name: TEST_TOTAL
- Is profile: True
- Decode batch size: 0
- Stream SM count: 108
- Cumsum input type: <class 'list'>
qo_indicies device: cuda:0, shape: torch.Size([2])
kv_indptr device: cuda:0, shape: torch.Size([2])
kv_indices device: cuda:0, shape: torch.Size([10240])
kv_last_page_len: tensor([16], device='cuda:0', dtype=torch.int32)
page_size: 16
new_tokens:  [(174, [13])]
total_batch_size:  256

Pipeline update:
- Stream name: TEST_TOTAL
- Is profile: True
- Decode batch size: 0
- Stream SM count: 108
- Cumsum input type: <class 'list'>
qo_indicies device: cuda:0, shape: torch.Size([2])
kv_indptr device: cuda:0, shape: torch.Size([2])
kv_indices device: cuda:0, shape: torch.Size([10240])
kv_last_page_len: tensor([16], device='cuda:0', dtype=torch.int32)
page_size: 16
new_tokens:  [(175, [13])]
total_batch_size:  256

Pipeline update:
- Stream name: TEST_TOTAL
- Is profile: True
- Decode batch size: 0
- Stream SM count: 108
- Cumsum input type: <class 'list'>
qo_indicies device: cuda:0, shape: torch.Size([2])
kv_indptr device: cuda:0, shape: torch.Size([2])
kv_indices device: cuda:0, shape: torch.Size([10240])
kv_last_page_len: tensor([16], device='cuda:0', dtype=torch.int32)
page_size: 16
new_tokens:  [(176, [13])]
total_batch_size:  256

Pipeline update:
- Stream name: TEST_TOTAL
- Is profile: True
- Decode batch size: 0
- Stream SM count: 108
- Cumsum input type: <class 'list'>
qo_indicies device: cuda:0, shape: torch.Size([2])
kv_indptr device: cuda:0, shape: torch.Size([2])
kv_indices device: cuda:0, shape: torch.Size([10240])
kv_last_page_len: tensor([16], device='cuda:0', dtype=torch.int32)
page_size: 16
new_tokens:  [(177, [13])]
total_batch_size:  256

Pipeline update:
- Stream name: TEST_TOTAL
- Is profile: True
- Decode batch size: 0
- Stream SM count: 108
- Cumsum input type: <class 'list'>
qo_indicies device: cuda:0, shape: torch.Size([2])
kv_indptr device: cuda:0, shape: torch.Size([2])
kv_indices device: cuda:0, shape: torch.Size([10240])
kv_last_page_len: tensor([16], device='cuda:0', dtype=torch.int32)
page_size: 16
new_tokens:  [(178, [13])]
total_batch_size:  256

Pipeline update:
- Stream name: TEST_TOTAL
- Is profile: True
- Decode batch size: 0
- Stream SM count: 108
- Cumsum input type: <class 'list'>
qo_indicies device: cuda:0, shape: torch.Size([2])
kv_indptr device: cuda:0, shape: torch.Size([2])
kv_indices device: cuda:0, shape: torch.Size([10240])
kv_last_page_len: tensor([16], device='cuda:0', dtype=torch.int32)
page_size: 16
new_tokens:  [(179, [13])]
total_batch_size:  256

Pipeline update:
- Stream name: TEST_TOTAL
- Is profile: True
- Decode batch size: 0
- Stream SM count: 108
- Cumsum input type: <class 'list'>
qo_indicies device: cuda:0, shape: torch.Size([2])
kv_indptr device: cuda:0, shape: torch.Size([2])
kv_indices device: cuda:0, shape: torch.Size([10240])
kv_last_page_len: tensor([16], device='cuda:0', dtype=torch.int32)
page_size: 16
new_tokens:  [(180, [13])]
total_batch_size:  256

Pipeline update:
- Stream name: TEST_TOTAL
- Is profile: True
- Decode batch size: 0
- Stream SM count: 108
- Cumsum input type: <class 'list'>
qo_indicies device: cuda:0, shape: torch.Size([2])
kv_indptr device: cuda:0, shape: torch.Size([2])
kv_indices device: cuda:0, shape: torch.Size([10240])
kv_last_page_len: tensor([16], device='cuda:0', dtype=torch.int32)
page_size: 16
new_tokens:  [(181, [13])]
total_batch_size:  256

Pipeline update:
- Stream name: TEST_TOTAL
- Is profile: True
- Decode batch size: 0
- Stream SM count: 108
- Cumsum input type: <class 'list'>
qo_indicies device: cuda:0, shape: torch.Size([2])
kv_indptr device: cuda:0, shape: torch.Size([2])
kv_indices device: cuda:0, shape: torch.Size([10240])
kv_last_page_len: tensor([16], device='cuda:0', dtype=torch.int32)
page_size: 16
new_tokens:  [(182, [13])]
total_batch_size:  256

Pipeline update:
- Stream name: TEST_TOTAL
- Is profile: True
- Decode batch size: 0
- Stream SM count: 108
- Cumsum input type: <class 'list'>
qo_indicies device: cuda:0, shape: torch.Size([2])
kv_indptr device: cuda:0, shape: torch.Size([2])
kv_indices device: cuda:0, shape: torch.Size([10240])
kv_last_page_len: tensor([16], device='cuda:0', dtype=torch.int32)
page_size: 16
new_tokens:  [(183, [13])]
total_batch_size:  256

Pipeline update:
- Stream name: TEST_TOTAL
- Is profile: True
- Decode batch size: 0
- Stream SM count: 108
- Cumsum input type: <class 'list'>
qo_indicies device: cuda:0, shape: torch.Size([2])
kv_indptr device: cuda:0, shape: torch.Size([2])
kv_indices device: cuda:0, shape: torch.Size([10240])
kv_last_page_len: tensor([16], device='cuda:0', dtype=torch.int32)
page_size: 16
new_tokens:  [(184, [13])]
total_batch_size:  256

Pipeline update:
- Stream name: TEST_TOTAL
- Is profile: True
- Decode batch size: 0
- Stream SM count: 108
- Cumsum input type: <class 'list'>
qo_indicies device: cuda:0, shape: torch.Size([2])
kv_indptr device: cuda:0, shape: torch.Size([2])
kv_indices device: cuda:0, shape: torch.Size([10240])
kv_last_page_len: tensor([16], device='cuda:0', dtype=torch.int32)
page_size: 16
new_tokens:  [(185, [13])]
total_batch_size:  256

Pipeline update:
- Stream name: TEST_TOTAL
- Is profile: True
- Decode batch size: 0
- Stream SM count: 108
- Cumsum input type: <class 'list'>
qo_indicies device: cuda:0, shape: torch.Size([2])
kv_indptr device: cuda:0, shape: torch.Size([2])
kv_indices device: cuda:0, shape: torch.Size([10240])
kv_last_page_len: tensor([16], device='cuda:0', dtype=torch.int32)
page_size: 16
new_tokens:  [(186, [13])]
total_batch_size:  256

Pipeline update:
- Stream name: TEST_TOTAL
- Is profile: True
- Decode batch size: 0
- Stream SM count: 108
- Cumsum input type: <class 'list'>
qo_indicies device: cuda:0, shape: torch.Size([2])
kv_indptr device: cuda:0, shape: torch.Size([2])
kv_indices device: cuda:0, shape: torch.Size([10240])
kv_last_page_len: tensor([16], device='cuda:0', dtype=torch.int32)
page_size: 16
new_tokens:  [(187, [13])]
total_batch_size:  256

Pipeline update:
- Stream name: TEST_TOTAL
- Is profile: True
- Decode batch size: 0
- Stream SM count: 108
- Cumsum input type: <class 'list'>
qo_indicies device: cuda:0, shape: torch.Size([2])
kv_indptr device: cuda:0, shape: torch.Size([2])
kv_indices device: cuda:0, shape: torch.Size([10240])
kv_last_page_len: tensor([16], device='cuda:0', dtype=torch.int32)
page_size: 16
new_tokens:  [(188, [13])]
total_batch_size:  256

Pipeline update:
- Stream name: TEST_TOTAL
- Is profile: True
- Decode batch size: 0
- Stream SM count: 108
- Cumsum input type: <class 'list'>
qo_indicies device: cuda:0, shape: torch.Size([2])
kv_indptr device: cuda:0, shape: torch.Size([2])
kv_indices device: cuda:0, shape: torch.Size([10240])
kv_last_page_len: tensor([16], device='cuda:0', dtype=torch.int32)
page_size: 16
new_tokens:  [(189, [13])]
total_batch_size:  256

Pipeline update:
- Stream name: TEST_TOTAL
- Is profile: True
- Decode batch size: 0
- Stream SM count: 108
- Cumsum input type: <class 'list'>
qo_indicies device: cuda:0, shape: torch.Size([2])
kv_indptr device: cuda:0, shape: torch.Size([2])
kv_indices device: cuda:0, shape: torch.Size([10240])
kv_last_page_len: tensor([16], device='cuda:0', dtype=torch.int32)
page_size: 16
new_tokens:  [(190, [13])]
total_batch_size:  256

Pipeline update:
- Stream name: TEST_TOTAL
- Is profile: True
- Decode batch size: 0
- Stream SM count: 108
- Cumsum input type: <class 'list'>
qo_indicies device: cuda:0, shape: torch.Size([2])
kv_indptr device: cuda:0, shape: torch.Size([2])
kv_indices device: cuda:0, shape: torch.Size([10240])
kv_last_page_len: tensor([16], device='cuda:0', dtype=torch.int32)
page_size: 16
new_tokens:  [(191, [13])]
total_batch_size:  256

Pipeline update:
- Stream name: TEST_TOTAL
- Is profile: True
- Decode batch size: 0
- Stream SM count: 108
- Cumsum input type: <class 'list'>
qo_indicies device: cuda:0, shape: torch.Size([2])
kv_indptr device: cuda:0, shape: torch.Size([2])
kv_indices device: cuda:0, shape: torch.Size([10240])
kv_last_page_len: tensor([16], device='cuda:0', dtype=torch.int32)
page_size: 16
new_tokens:  [(192, [13])]
total_batch_size:  256

Pipeline update:
- Stream name: TEST_TOTAL
- Is profile: True
- Decode batch size: 0
- Stream SM count: 108
- Cumsum input type: <class 'list'>
qo_indicies device: cuda:0, shape: torch.Size([2])
kv_indptr device: cuda:0, shape: torch.Size([2])
kv_indices device: cuda:0, shape: torch.Size([10240])
kv_last_page_len: tensor([16], device='cuda:0', dtype=torch.int32)
page_size: 16
new_tokens:  [(193, [13])]
total_batch_size:  256

Pipeline update:
- Stream name: TEST_TOTAL
- Is profile: True
- Decode batch size: 0
- Stream SM count: 108
- Cumsum input type: <class 'list'>
qo_indicies device: cuda:0, shape: torch.Size([2])
kv_indptr device: cuda:0, shape: torch.Size([2])
kv_indices device: cuda:0, shape: torch.Size([10240])
kv_last_page_len: tensor([16], device='cuda:0', dtype=torch.int32)
page_size: 16
new_tokens:  [(194, [13])]
total_batch_size:  256

Pipeline update:
- Stream name: TEST_TOTAL
- Is profile: True
- Decode batch size: 0
- Stream SM count: 108
- Cumsum input type: <class 'list'>
qo_indicies device: cuda:0, shape: torch.Size([2])
kv_indptr device: cuda:0, shape: torch.Size([2])
kv_indices device: cuda:0, shape: torch.Size([10240])
kv_last_page_len: tensor([16], device='cuda:0', dtype=torch.int32)
page_size: 16
new_tokens:  [(195, [13])]
total_batch_size:  256

Pipeline update:
- Stream name: TEST_TOTAL
- Is profile: True
- Decode batch size: 0
- Stream SM count: 108
- Cumsum input type: <class 'list'>
qo_indicies device: cuda:0, shape: torch.Size([2])
kv_indptr device: cuda:0, shape: torch.Size([2])
kv_indices device: cuda:0, shape: torch.Size([10240])
kv_last_page_len: tensor([16], device='cuda:0', dtype=torch.int32)
page_size: 16
new_tokens:  [(196, [13])]
total_batch_size:  256

Pipeline update:
- Stream name: TEST_TOTAL
- Is profile: True
- Decode batch size: 0
- Stream SM count: 108
- Cumsum input type: <class 'list'>
qo_indicies device: cuda:0, shape: torch.Size([2])
kv_indptr device: cuda:0, shape: torch.Size([2])
kv_indices device: cuda:0, shape: torch.Size([10240])
kv_last_page_len: tensor([16], device='cuda:0', dtype=torch.int32)
page_size: 16
new_tokens:  [(197, [13])]
total_batch_size:  256

Pipeline update:
- Stream name: TEST_TOTAL
- Is profile: True
- Decode batch size: 0
- Stream SM count: 108
- Cumsum input type: <class 'list'>
qo_indicies device: cuda:0, shape: torch.Size([2])
kv_indptr device: cuda:0, shape: torch.Size([2])
kv_indices device: cuda:0, shape: torch.Size([10240])
kv_last_page_len: tensor([16], device='cuda:0', dtype=torch.int32)
page_size: 16
new_tokens:  [(198, [13])]
total_batch_size:  256

Pipeline update:
- Stream name: TEST_TOTAL
- Is profile: True
- Decode batch size: 0
- Stream SM count: 108
- Cumsum input type: <class 'list'>
qo_indicies device: cuda:0, shape: torch.Size([2])
kv_indptr device: cuda:0, shape: torch.Size([2])
kv_indices device: cuda:0, shape: torch.Size([10240])
kv_last_page_len: tensor([16], device='cuda:0', dtype=torch.int32)
page_size: 16
new_tokens:  [(199, [13])]
total_batch_size:  256

Pipeline update:
- Stream name: TEST_TOTAL
- Is profile: True
- Decode batch size: 0
- Stream SM count: 108
- Cumsum input type: <class 'list'>
qo_indicies device: cuda:0, shape: torch.Size([2])
kv_indptr device: cuda:0, shape: torch.Size([2])
kv_indices device: cuda:0, shape: torch.Size([10240])
kv_last_page_len: tensor([16], device='cuda:0', dtype=torch.int32)
page_size: 16
new_tokens:  [(200, [13])]
total_batch_size:  256

Pipeline update:
- Stream name: TEST_TOTAL
- Is profile: True
- Decode batch size: 0
- Stream SM count: 108
- Cumsum input type: <class 'list'>
qo_indicies device: cuda:0, shape: torch.Size([2])
kv_indptr device: cuda:0, shape: torch.Size([2])
kv_indices device: cuda:0, shape: torch.Size([10240])
kv_last_page_len: tensor([16], device='cuda:0', dtype=torch.int32)
page_size: 16
new_tokens:  [(201, [13])]
total_batch_size:  256

Pipeline update:
- Stream name: TEST_TOTAL
- Is profile: True
- Decode batch size: 0
- Stream SM count: 108
- Cumsum input type: <class 'list'>
qo_indicies device: cuda:0, shape: torch.Size([2])
kv_indptr device: cuda:0, shape: torch.Size([2])
kv_indices device: cuda:0, shape: torch.Size([10240])
kv_last_page_len: tensor([16], device='cuda:0', dtype=torch.int32)
page_size: 16
new_tokens:  [(202, [13])]
total_batch_size:  256

Pipeline update:
- Stream name: TEST_TOTAL
- Is profile: True
- Decode batch size: 0
- Stream SM count: 108
- Cumsum input type: <class 'list'>
qo_indicies device: cuda:0, shape: torch.Size([2])
kv_indptr device: cuda:0, shape: torch.Size([2])
kv_indices device: cuda:0, shape: torch.Size([10240])
kv_last_page_len: tensor([16], device='cuda:0', dtype=torch.int32)
page_size: 16
new_tokens:  [(203, [13])]
total_batch_size:  256

Pipeline update:
- Stream name: TEST_TOTAL
- Is profile: True
- Decode batch size: 0
- Stream SM count: 108
- Cumsum input type: <class 'list'>
qo_indicies device: cuda:0, shape: torch.Size([2])
kv_indptr device: cuda:0, shape: torch.Size([2])
kv_indices device: cuda:0, shape: torch.Size([10240])
kv_last_page_len: tensor([16], device='cuda:0', dtype=torch.int32)
page_size: 16
new_tokens:  [(204, [13])]
total_batch_size:  256

Pipeline update:
- Stream name: TEST_TOTAL
- Is profile: True
- Decode batch size: 0
- Stream SM count: 108
- Cumsum input type: <class 'list'>
qo_indicies device: cuda:0, shape: torch.Size([2])
kv_indptr device: cuda:0, shape: torch.Size([2])
kv_indices device: cuda:0, shape: torch.Size([10240])
kv_last_page_len: tensor([16], device='cuda:0', dtype=torch.int32)
page_size: 16
new_tokens:  [(205, [13])]
total_batch_size:  256

Pipeline update:
- Stream name: TEST_TOTAL
- Is profile: True
- Decode batch size: 0
- Stream SM count: 108
- Cumsum input type: <class 'list'>
qo_indicies device: cuda:0, shape: torch.Size([2])
kv_indptr device: cuda:0, shape: torch.Size([2])
kv_indices device: cuda:0, shape: torch.Size([10240])
kv_last_page_len: tensor([16], device='cuda:0', dtype=torch.int32)
page_size: 16
new_tokens:  [(206, [13])]
total_batch_size:  256

Pipeline update:
- Stream name: TEST_TOTAL
- Is profile: True
- Decode batch size: 0
- Stream SM count: 108
- Cumsum input type: <class 'list'>
qo_indicies device: cuda:0, shape: torch.Size([2])
kv_indptr device: cuda:0, shape: torch.Size([2])
kv_indices device: cuda:0, shape: torch.Size([10240])
kv_last_page_len: tensor([16], device='cuda:0', dtype=torch.int32)
page_size: 16
new_tokens:  [(207, [13])]
total_batch_size:  256

Pipeline update:
- Stream name: TEST_TOTAL
- Is profile: True
- Decode batch size: 0
- Stream SM count: 108
- Cumsum input type: <class 'list'>
qo_indicies device: cuda:0, shape: torch.Size([2])
kv_indptr device: cuda:0, shape: torch.Size([2])
kv_indices device: cuda:0, shape: torch.Size([10240])
kv_last_page_len: tensor([16], device='cuda:0', dtype=torch.int32)
page_size: 16
new_tokens:  [(208, [13])]
total_batch_size:  256

Pipeline update:
- Stream name: TEST_TOTAL
- Is profile: True
- Decode batch size: 0
- Stream SM count: 108
- Cumsum input type: <class 'list'>
qo_indicies device: cuda:0, shape: torch.Size([2])
kv_indptr device: cuda:0, shape: torch.Size([2])
kv_indices device: cuda:0, shape: torch.Size([10240])
kv_last_page_len: tensor([16], device='cuda:0', dtype=torch.int32)
page_size: 16
new_tokens:  [(209, [13])]
total_batch_size:  256

Pipeline update:
- Stream name: TEST_TOTAL
- Is profile: True
- Decode batch size: 0
- Stream SM count: 108
- Cumsum input type: <class 'list'>
qo_indicies device: cuda:0, shape: torch.Size([2])
kv_indptr device: cuda:0, shape: torch.Size([2])
kv_indices device: cuda:0, shape: torch.Size([10240])
kv_last_page_len: tensor([16], device='cuda:0', dtype=torch.int32)
page_size: 16
new_tokens:  [(210, [13])]
total_batch_size:  256

Pipeline update:
- Stream name: TEST_TOTAL
- Is profile: True
- Decode batch size: 0
- Stream SM count: 108
- Cumsum input type: <class 'list'>
qo_indicies device: cuda:0, shape: torch.Size([2])
kv_indptr device: cuda:0, shape: torch.Size([2])
kv_indices device: cuda:0, shape: torch.Size([10240])
kv_last_page_len: tensor([16], device='cuda:0', dtype=torch.int32)
page_size: 16
new_tokens:  [(211, [13])]
total_batch_size:  256

Pipeline update:
- Stream name: TEST_TOTAL
- Is profile: True
- Decode batch size: 0
- Stream SM count: 108
- Cumsum input type: <class 'list'>
qo_indicies device: cuda:0, shape: torch.Size([2])
kv_indptr device: cuda:0, shape: torch.Size([2])
kv_indices device: cuda:0, shape: torch.Size([10240])
kv_last_page_len: tensor([16], device='cuda:0', dtype=torch.int32)
page_size: 16
new_tokens:  [(212, [13])]
total_batch_size:  256

Pipeline update:
- Stream name: TEST_TOTAL
- Is profile: True
- Decode batch size: 0
- Stream SM count: 108
- Cumsum input type: <class 'list'>
qo_indicies device: cuda:0, shape: torch.Size([2])
kv_indptr device: cuda:0, shape: torch.Size([2])
kv_indices device: cuda:0, shape: torch.Size([10240])
kv_last_page_len: tensor([16], device='cuda:0', dtype=torch.int32)
page_size: 16
new_tokens:  [(213, [13])]
total_batch_size:  256

Pipeline update:
- Stream name: TEST_TOTAL
- Is profile: True
- Decode batch size: 0
- Stream SM count: 108
- Cumsum input type: <class 'list'>
qo_indicies device: cuda:0, shape: torch.Size([2])
kv_indptr device: cuda:0, shape: torch.Size([2])
kv_indices device: cuda:0, shape: torch.Size([10240])
kv_last_page_len: tensor([16], device='cuda:0', dtype=torch.int32)
page_size: 16
new_tokens:  [(214, [13])]
total_batch_size:  256

Pipeline update:
- Stream name: TEST_TOTAL
- Is profile: True
- Decode batch size: 0
- Stream SM count: 108
- Cumsum input type: <class 'list'>
qo_indicies device: cuda:0, shape: torch.Size([2])
kv_indptr device: cuda:0, shape: torch.Size([2])
kv_indices device: cuda:0, shape: torch.Size([10240])
kv_last_page_len: tensor([16], device='cuda:0', dtype=torch.int32)
page_size: 16
new_tokens:  [(215, [13])]
total_batch_size:  256

Pipeline update:
- Stream name: TEST_TOTAL
- Is profile: True
- Decode batch size: 0
- Stream SM count: 108
- Cumsum input type: <class 'list'>
qo_indicies device: cuda:0, shape: torch.Size([2])
kv_indptr device: cuda:0, shape: torch.Size([2])
kv_indices device: cuda:0, shape: torch.Size([10240])
kv_last_page_len: tensor([16], device='cuda:0', dtype=torch.int32)
page_size: 16
new_tokens:  [(216, [13])]
total_batch_size:  256

Pipeline update:
- Stream name: TEST_TOTAL
- Is profile: True
- Decode batch size: 0
- Stream SM count: 108
- Cumsum input type: <class 'list'>
qo_indicies device: cuda:0, shape: torch.Size([2])
kv_indptr device: cuda:0, shape: torch.Size([2])
kv_indices device: cuda:0, shape: torch.Size([10240])
kv_last_page_len: tensor([16], device='cuda:0', dtype=torch.int32)
page_size: 16
new_tokens:  [(217, [13])]
total_batch_size:  256

Pipeline update:
- Stream name: TEST_TOTAL
- Is profile: True
- Decode batch size: 0
- Stream SM count: 108
- Cumsum input type: <class 'list'>
qo_indicies device: cuda:0, shape: torch.Size([2])
kv_indptr device: cuda:0, shape: torch.Size([2])
kv_indices device: cuda:0, shape: torch.Size([10240])
kv_last_page_len: tensor([16], device='cuda:0', dtype=torch.int32)
page_size: 16
new_tokens:  [(218, [13])]
total_batch_size:  256

Pipeline update:
- Stream name: TEST_TOTAL
- Is profile: True
- Decode batch size: 0
- Stream SM count: 108
- Cumsum input type: <class 'list'>
qo_indicies device: cuda:0, shape: torch.Size([2])
kv_indptr device: cuda:0, shape: torch.Size([2])
kv_indices device: cuda:0, shape: torch.Size([10240])
kv_last_page_len: tensor([16], device='cuda:0', dtype=torch.int32)
page_size: 16
new_tokens:  [(219, [13])]
total_batch_size:  256

Pipeline update:
- Stream name: TEST_TOTAL
- Is profile: True
- Decode batch size: 0
- Stream SM count: 108
- Cumsum input type: <class 'list'>
qo_indicies device: cuda:0, shape: torch.Size([2])
kv_indptr device: cuda:0, shape: torch.Size([2])
kv_indices device: cuda:0, shape: torch.Size([10240])
kv_last_page_len: tensor([16], device='cuda:0', dtype=torch.int32)
page_size: 16
new_tokens:  [(220, [13])]
total_batch_size:  256

Pipeline update:
- Stream name: TEST_TOTAL
- Is profile: True
- Decode batch size: 0
- Stream SM count: 108
- Cumsum input type: <class 'list'>
qo_indicies device: cuda:0, shape: torch.Size([2])
kv_indptr device: cuda:0, shape: torch.Size([2])
kv_indices device: cuda:0, shape: torch.Size([10240])
kv_last_page_len: tensor([16], device='cuda:0', dtype=torch.int32)
page_size: 16
new_tokens:  [(221, [13])]
total_batch_size:  256

Pipeline update:
- Stream name: TEST_TOTAL
- Is profile: True
- Decode batch size: 0
- Stream SM count: 108
- Cumsum input type: <class 'list'>
qo_indicies device: cuda:0, shape: torch.Size([2])
kv_indptr device: cuda:0, shape: torch.Size([2])
kv_indices device: cuda:0, shape: torch.Size([10240])
kv_last_page_len: tensor([16], device='cuda:0', dtype=torch.int32)
page_size: 16
new_tokens:  [(222, [13])]
total_batch_size:  256

Pipeline update:
- Stream name: TEST_TOTAL
- Is profile: True
- Decode batch size: 0
- Stream SM count: 108
- Cumsum input type: <class 'list'>
qo_indicies device: cuda:0, shape: torch.Size([2])
kv_indptr device: cuda:0, shape: torch.Size([2])
kv_indices device: cuda:0, shape: torch.Size([10240])
kv_last_page_len: tensor([16], device='cuda:0', dtype=torch.int32)
page_size: 16
new_tokens:  [(223, [13])]
total_batch_size:  256

Pipeline update:
- Stream name: TEST_TOTAL
- Is profile: True
- Decode batch size: 0
- Stream SM count: 108
- Cumsum input type: <class 'list'>
qo_indicies device: cuda:0, shape: torch.Size([2])
kv_indptr device: cuda:0, shape: torch.Size([2])
kv_indices device: cuda:0, shape: torch.Size([10240])
kv_last_page_len: tensor([16], device='cuda:0', dtype=torch.int32)
page_size: 16
new_tokens:  [(224, [13])]
total_batch_size:  256

Pipeline update:
- Stream name: TEST_TOTAL
- Is profile: True
- Decode batch size: 0
- Stream SM count: 108
- Cumsum input type: <class 'list'>
qo_indicies device: cuda:0, shape: torch.Size([2])
kv_indptr device: cuda:0, shape: torch.Size([2])
kv_indices device: cuda:0, shape: torch.Size([10240])
kv_last_page_len: tensor([16], device='cuda:0', dtype=torch.int32)
page_size: 16
new_tokens:  [(225, [13])]
total_batch_size:  256

Pipeline update:
- Stream name: TEST_TOTAL
- Is profile: True
- Decode batch size: 0
- Stream SM count: 108
- Cumsum input type: <class 'list'>
qo_indicies device: cuda:0, shape: torch.Size([2])
kv_indptr device: cuda:0, shape: torch.Size([2])
kv_indices device: cuda:0, shape: torch.Size([10240])
kv_last_page_len: tensor([16], device='cuda:0', dtype=torch.int32)
page_size: 16
new_tokens:  [(226, [13])]
total_batch_size:  256

Pipeline update:
- Stream name: TEST_TOTAL
- Is profile: True
- Decode batch size: 0
- Stream SM count: 108
- Cumsum input type: <class 'list'>
qo_indicies device: cuda:0, shape: torch.Size([2])
kv_indptr device: cuda:0, shape: torch.Size([2])
kv_indices device: cuda:0, shape: torch.Size([10240])
kv_last_page_len: tensor([16], device='cuda:0', dtype=torch.int32)
page_size: 16
new_tokens:  [(227, [13])]
total_batch_size:  256

Pipeline update:
- Stream name: TEST_TOTAL
- Is profile: True
- Decode batch size: 0
- Stream SM count: 108
- Cumsum input type: <class 'list'>
qo_indicies device: cuda:0, shape: torch.Size([2])
kv_indptr device: cuda:0, shape: torch.Size([2])
kv_indices device: cuda:0, shape: torch.Size([10240])
kv_last_page_len: tensor([16], device='cuda:0', dtype=torch.int32)
page_size: 16
new_tokens:  [(228, [13])]
total_batch_size:  256

Pipeline update:
- Stream name: TEST_TOTAL
- Is profile: True
- Decode batch size: 0
- Stream SM count: 108
- Cumsum input type: <class 'list'>
qo_indicies device: cuda:0, shape: torch.Size([2])
kv_indptr device: cuda:0, shape: torch.Size([2])
kv_indices device: cuda:0, shape: torch.Size([10240])
kv_last_page_len: tensor([16], device='cuda:0', dtype=torch.int32)
page_size: 16
new_tokens:  [(229, [13])]
total_batch_size:  256

Pipeline update:
- Stream name: TEST_TOTAL
- Is profile: True
- Decode batch size: 0
- Stream SM count: 108
- Cumsum input type: <class 'list'>
qo_indicies device: cuda:0, shape: torch.Size([2])
kv_indptr device: cuda:0, shape: torch.Size([2])
kv_indices device: cuda:0, shape: torch.Size([10240])
kv_last_page_len: tensor([16], device='cuda:0', dtype=torch.int32)
page_size: 16
new_tokens:  [(230, [13])]
total_batch_size:  256

Pipeline update:
- Stream name: TEST_TOTAL
- Is profile: True
- Decode batch size: 0
- Stream SM count: 108
- Cumsum input type: <class 'list'>
qo_indicies device: cuda:0, shape: torch.Size([2])
kv_indptr device: cuda:0, shape: torch.Size([2])
kv_indices device: cuda:0, shape: torch.Size([10240])
kv_last_page_len: tensor([16], device='cuda:0', dtype=torch.int32)
page_size: 16
new_tokens:  [(231, [13])]
total_batch_size:  256

Pipeline update:
- Stream name: TEST_TOTAL
- Is profile: True
- Decode batch size: 0
- Stream SM count: 108
- Cumsum input type: <class 'list'>
qo_indicies device: cuda:0, shape: torch.Size([2])
kv_indptr device: cuda:0, shape: torch.Size([2])
kv_indices device: cuda:0, shape: torch.Size([10240])
kv_last_page_len: tensor([16], device='cuda:0', dtype=torch.int32)
page_size: 16
new_tokens:  [(232, [13])]
total_batch_size:  256

Pipeline update:
- Stream name: TEST_TOTAL
- Is profile: True
- Decode batch size: 0
- Stream SM count: 108
- Cumsum input type: <class 'list'>
qo_indicies device: cuda:0, shape: torch.Size([2])
kv_indptr device: cuda:0, shape: torch.Size([2])
kv_indices device: cuda:0, shape: torch.Size([10240])
kv_last_page_len: tensor([16], device='cuda:0', dtype=torch.int32)
page_size: 16
new_tokens:  [(233, [13])]
total_batch_size:  256

Pipeline update:
- Stream name: TEST_TOTAL
- Is profile: True
- Decode batch size: 0
- Stream SM count: 108
- Cumsum input type: <class 'list'>
qo_indicies device: cuda:0, shape: torch.Size([2])
kv_indptr device: cuda:0, shape: torch.Size([2])
kv_indices device: cuda:0, shape: torch.Size([10240])
kv_last_page_len: tensor([16], device='cuda:0', dtype=torch.int32)
page_size: 16
new_tokens:  [(234, [13])]
total_batch_size:  256

Pipeline update:
- Stream name: TEST_TOTAL
- Is profile: True
- Decode batch size: 0
- Stream SM count: 108
- Cumsum input type: <class 'list'>
qo_indicies device: cuda:0, shape: torch.Size([2])
kv_indptr device: cuda:0, shape: torch.Size([2])
kv_indices device: cuda:0, shape: torch.Size([10240])
kv_last_page_len: tensor([16], device='cuda:0', dtype=torch.int32)
page_size: 16
new_tokens:  [(235, [13])]
total_batch_size:  256

Pipeline update:
- Stream name: TEST_TOTAL
- Is profile: True
- Decode batch size: 0
- Stream SM count: 108
- Cumsum input type: <class 'list'>
qo_indicies device: cuda:0, shape: torch.Size([2])
kv_indptr device: cuda:0, shape: torch.Size([2])
kv_indices device: cuda:0, shape: torch.Size([10240])
kv_last_page_len: tensor([16], device='cuda:0', dtype=torch.int32)
page_size: 16
new_tokens:  [(236, [13])]
total_batch_size:  256

Pipeline update:
- Stream name: TEST_TOTAL
- Is profile: True
- Decode batch size: 0
- Stream SM count: 108
- Cumsum input type: <class 'list'>
qo_indicies device: cuda:0, shape: torch.Size([2])
kv_indptr device: cuda:0, shape: torch.Size([2])
kv_indices device: cuda:0, shape: torch.Size([10240])
kv_last_page_len: tensor([16], device='cuda:0', dtype=torch.int32)
page_size: 16
new_tokens:  [(237, [13])]
total_batch_size:  256

Pipeline update:
- Stream name: TEST_TOTAL
- Is profile: True
- Decode batch size: 0
- Stream SM count: 108
- Cumsum input type: <class 'list'>
qo_indicies device: cuda:0, shape: torch.Size([2])
kv_indptr device: cuda:0, shape: torch.Size([2])
kv_indices device: cuda:0, shape: torch.Size([10240])
kv_last_page_len: tensor([16], device='cuda:0', dtype=torch.int32)
page_size: 16
new_tokens:  [(238, [13])]
total_batch_size:  256

Pipeline update:
- Stream name: TEST_TOTAL
- Is profile: True
- Decode batch size: 0
- Stream SM count: 108
- Cumsum input type: <class 'list'>
qo_indicies device: cuda:0, shape: torch.Size([2])
kv_indptr device: cuda:0, shape: torch.Size([2])
kv_indices device: cuda:0, shape: torch.Size([10240])
kv_last_page_len: tensor([16], device='cuda:0', dtype=torch.int32)
page_size: 16
new_tokens:  [(239, [13])]
total_batch_size:  256

Pipeline update:
- Stream name: TEST_TOTAL
- Is profile: True
- Decode batch size: 0
- Stream SM count: 108
- Cumsum input type: <class 'list'>
qo_indicies device: cuda:0, shape: torch.Size([2])
kv_indptr device: cuda:0, shape: torch.Size([2])
kv_indices device: cuda:0, shape: torch.Size([10240])
kv_last_page_len: tensor([16], device='cuda:0', dtype=torch.int32)
page_size: 16
new_tokens:  [(240, [13])]
total_batch_size:  256

Pipeline update:
- Stream name: TEST_TOTAL
- Is profile: True
- Decode batch size: 0
- Stream SM count: 108
- Cumsum input type: <class 'list'>
qo_indicies device: cuda:0, shape: torch.Size([2])
kv_indptr device: cuda:0, shape: torch.Size([2])
kv_indices device: cuda:0, shape: torch.Size([10240])
kv_last_page_len: tensor([16], device='cuda:0', dtype=torch.int32)
page_size: 16
new_tokens:  [(241, [13])]
total_batch_size:  256

Pipeline update:
- Stream name: TEST_TOTAL
- Is profile: True
- Decode batch size: 0
- Stream SM count: 108
- Cumsum input type: <class 'list'>
qo_indicies device: cuda:0, shape: torch.Size([2])
kv_indptr device: cuda:0, shape: torch.Size([2])
kv_indices device: cuda:0, shape: torch.Size([10240])
kv_last_page_len: tensor([16], device='cuda:0', dtype=torch.int32)
page_size: 16
new_tokens:  [(242, [13])]
total_batch_size:  256

Pipeline update:
- Stream name: TEST_TOTAL
- Is profile: True
- Decode batch size: 0
- Stream SM count: 108
- Cumsum input type: <class 'list'>
qo_indicies device: cuda:0, shape: torch.Size([2])
kv_indptr device: cuda:0, shape: torch.Size([2])
kv_indices device: cuda:0, shape: torch.Size([10240])
kv_last_page_len: tensor([16], device='cuda:0', dtype=torch.int32)
page_size: 16
new_tokens:  [(243, [13])]
total_batch_size:  256

Pipeline update:
- Stream name: TEST_TOTAL
- Is profile: True
- Decode batch size: 0
- Stream SM count: 108
- Cumsum input type: <class 'list'>
qo_indicies device: cuda:0, shape: torch.Size([2])
kv_indptr device: cuda:0, shape: torch.Size([2])
kv_indices device: cuda:0, shape: torch.Size([10240])
kv_last_page_len: tensor([16], device='cuda:0', dtype=torch.int32)
page_size: 16
new_tokens:  [(244, [13])]
total_batch_size:  256

Pipeline update:
- Stream name: TEST_TOTAL
- Is profile: True
- Decode batch size: 0
- Stream SM count: 108
- Cumsum input type: <class 'list'>
qo_indicies device: cuda:0, shape: torch.Size([2])
kv_indptr device: cuda:0, shape: torch.Size([2])
kv_indices device: cuda:0, shape: torch.Size([10240])
kv_last_page_len: tensor([16], device='cuda:0', dtype=torch.int32)
page_size: 16
new_tokens:  [(245, [13])]
total_batch_size:  256

Pipeline update:
- Stream name: TEST_TOTAL
- Is profile: True
- Decode batch size: 0
- Stream SM count: 108
- Cumsum input type: <class 'list'>
qo_indicies device: cuda:0, shape: torch.Size([2])
kv_indptr device: cuda:0, shape: torch.Size([2])
kv_indices device: cuda:0, shape: torch.Size([10240])
kv_last_page_len: tensor([16], device='cuda:0', dtype=torch.int32)
page_size: 16
new_tokens:  [(246, [13])]
total_batch_size:  256

Pipeline update:
- Stream name: TEST_TOTAL
- Is profile: True
- Decode batch size: 0
- Stream SM count: 108
- Cumsum input type: <class 'list'>
qo_indicies device: cuda:0, shape: torch.Size([2])
kv_indptr device: cuda:0, shape: torch.Size([2])
kv_indices device: cuda:0, shape: torch.Size([10240])
kv_last_page_len: tensor([16], device='cuda:0', dtype=torch.int32)
page_size: 16
new_tokens:  [(247, [13])]
total_batch_size:  256

Pipeline update:
- Stream name: TEST_TOTAL
- Is profile: True
- Decode batch size: 0
- Stream SM count: 108
- Cumsum input type: <class 'list'>
qo_indicies device: cuda:0, shape: torch.Size([2])
kv_indptr device: cuda:0, shape: torch.Size([2])
kv_indices device: cuda:0, shape: torch.Size([10240])
kv_last_page_len: tensor([16], device='cuda:0', dtype=torch.int32)
page_size: 16
new_tokens:  [(248, [13])]
total_batch_size:  256

Pipeline update:
- Stream name: TEST_TOTAL
- Is profile: True
- Decode batch size: 0
- Stream SM count: 108
- Cumsum input type: <class 'list'>
qo_indicies device: cuda:0, shape: torch.Size([2])
kv_indptr device: cuda:0, shape: torch.Size([2])
kv_indices device: cuda:0, shape: torch.Size([10240])
kv_last_page_len: tensor([16], device='cuda:0', dtype=torch.int32)
page_size: 16
new_tokens:  [(249, [13])]
total_batch_size:  256

Pipeline update:
- Stream name: TEST_TOTAL
- Is profile: True
- Decode batch size: 0
- Stream SM count: 108
- Cumsum input type: <class 'list'>
qo_indicies device: cuda:0, shape: torch.Size([2])
kv_indptr device: cuda:0, shape: torch.Size([2])
kv_indices device: cuda:0, shape: torch.Size([10240])
kv_last_page_len: tensor([16], device='cuda:0', dtype=torch.int32)
page_size: 16
new_tokens:  [(250, [13])]
total_batch_size:  256

Pipeline update:
- Stream name: TEST_TOTAL
- Is profile: True
- Decode batch size: 0
- Stream SM count: 108
- Cumsum input type: <class 'list'>
qo_indicies device: cuda:0, shape: torch.Size([2])
kv_indptr device: cuda:0, shape: torch.Size([2])
kv_indices device: cuda:0, shape: torch.Size([10240])
kv_last_page_len: tensor([16], device='cuda:0', dtype=torch.int32)
page_size: 16
new_tokens:  [(251, [13])]
total_batch_size:  256

Pipeline update:
- Stream name: TEST_TOTAL
- Is profile: True
- Decode batch size: 0
- Stream SM count: 108
- Cumsum input type: <class 'list'>
qo_indicies device: cuda:0, shape: torch.Size([2])
kv_indptr device: cuda:0, shape: torch.Size([2])
kv_indices device: cuda:0, shape: torch.Size([10240])
kv_last_page_len: tensor([16], device='cuda:0', dtype=torch.int32)
page_size: 16
new_tokens:  [(252, [13])]
total_batch_size:  256

Pipeline update:
- Stream name: TEST_TOTAL
- Is profile: True
- Decode batch size: 0
- Stream SM count: 108
- Cumsum input type: <class 'list'>
qo_indicies device: cuda:0, shape: torch.Size([2])
kv_indptr device: cuda:0, shape: torch.Size([2])
kv_indices device: cuda:0, shape: torch.Size([10240])
kv_last_page_len: tensor([16], device='cuda:0', dtype=torch.int32)
page_size: 16
new_tokens:  [(253, [13])]
total_batch_size:  256

Pipeline update:
- Stream name: TEST_TOTAL
- Is profile: True
- Decode batch size: 0
- Stream SM count: 108
- Cumsum input type: <class 'list'>
qo_indicies device: cuda:0, shape: torch.Size([2])
kv_indptr device: cuda:0, shape: torch.Size([2])
kv_indices device: cuda:0, shape: torch.Size([10240])
kv_last_page_len: tensor([16], device='cuda:0', dtype=torch.int32)
page_size: 16
new_tokens:  [(254, [13])]
total_batch_size:  256

Pipeline update:
- Stream name: TEST_TOTAL
- Is profile: True
- Decode batch size: 0
- Stream SM count: 108
- Cumsum input type: <class 'list'>
qo_indicies device: cuda:0, shape: torch.Size([2])
kv_indptr device: cuda:0, shape: torch.Size([2])
kv_indices device: cuda:0, shape: torch.Size([10240])
kv_last_page_len: tensor([16], device='cuda:0', dtype=torch.int32)
page_size: 16
new_tokens:  [(255, [13])]
total_batch_size:  256
Cycle:  0

Pipeline update:
- Stream name: TEST_0
- Is profile: True
- Decode batch size: 256
- Stream SM count: 8
- Cumsum input type: <class 'list'>
Total allocated size: 105516032
Allocation finished.
Total allocated: 100.6279296875 MB in cuda:0
Using implementation: torch
Operation name: GlobalInput
Operation name: GenEmbedding
Name: GenEmbedding, Category: torch, Batch Size: 256, SM Count: 8 already profiled.
Name: GenEmbedding, Category: cuda, Batch Size: 256, SM Count: 8 already profiled.
Operation name: LayerNormAttn
Name: LayerNormAttn, Category: torch, Batch Size: 256, SM Count: 8 already profiled.
Name: LayerNormAttn, Category: cuda, Batch Size: 256, SM Count: 8 already profiled.
Operation name: KQV
Name: KQV, Category: torch, Batch Size: 256, SM Count: 8 already profiled.
Operation name: RopeAppend
Name: RopeAppend, Category: cuda, Batch Size: 256, SM Count: 8 already profiled.
Operation name: DecAttn
Name: DecAttn, Category: batched_cuda, Batch Size: 256, Average Time: 0.1860710334777832 ms
seq_len: 256
Operation name: O
Name: O, Category: torch, Batch Size: 256, SM Count: 8 already profiled.
Operation name: LayerNormFFN
Name: LayerNormFFN, Category: torch, Batch Size: 256, SM Count: 8 already profiled.
Name: LayerNormFFN, Category: cuda, Batch Size: 256, SM Count: 8 already profiled.
Operation name: UG
Name: UG, Category: torch, Batch Size: 256, SM Count: 8 already profiled.
Operation name: Activation
Name: Activation, Category: torch, Batch Size: 256, SM Count: 8 already profiled.
Name: Activation, Category: cuda, Batch Size: 256, SM Count: 8 already profiled.
Operation name: D
Name: D, Category: torch, Batch Size: 256, SM Count: 8 already profiled.
Operation name: ModelLayerNorm
Name: ModelLayerNorm, Category: torch, Batch Size: 256, SM Count: 8 already profiled.
Name: ModelLayerNorm, Category: cuda, Batch Size: 256, SM Count: 8 already profiled.
Operation name: GetLogits
Name: GetLogits, Category: torch, Batch Size: 256, SM Count: 8 already profiled.
Operation name: Sampling
Name: Sampling, Category: torch, Batch Size: 256, SM Count: 8 already profiled.
Name: Sampling, Category: cuda, Batch Size: 256, SM Count: 8 already profiled.
Operation name: GlobalOutput

Processing Stream: TEST_1

Preparing to process batch:
- Input length: 1
- Input[0] shape: 128
- Total batch size: 128
- Input is not a tensor

Pipeline update:
- Stream name: TEST_1
- Is profile: True
- Decode batch size: 0
- Stream SM count: 16
- Cumsum input type: <class 'list'>
Total allocated size: 52758016
Allocation finished.
Total allocated: 50.31396484375 MB in cuda:0
Using implementation: torch
qo_indicies device: cuda:0, shape: torch.Size([2])
kv_indptr device: cuda:0, shape: torch.Size([2])
kv_indices device: cuda:0, shape: torch.Size([10240])
kv_last_page_len: tensor([16], device='cuda:0', dtype=torch.int32)
page_size: 16
Operation name: GlobalInput
Operation name: GenEmbedding
Name: GenEmbedding, Category: torch, Batch Size: 128, Average Time: 0.01082368016242981 ms
Name: GenEmbedding, Category: cuda, Batch Size: 128, Average Time: 0.002385919988155365 ms
Operation name: LayerNormAttn
Name: LayerNormAttn, Category: torch, Batch Size: 128, Average Time: 0.060743680000305174 ms
Name: LayerNormAttn, Category: cuda, Batch Size: 128, Average Time: 0.0034303998947143553 ms
Operation name: KQV
Name: KQV, Category: torch, impl_tag: None, Batch Size: 128, Average Time: 0.06673408031463623 ms
Operation name: RopeAppend
Name: RopeAppend, Category: cuda, Batch Size: 128, Average Time: 0.005109760165214539 ms
Operation name: PFAttn
qo_indicies device: cuda:0, shape: torch.Size([2])
kv_indptr device: cuda:0, shape: torch.Size([2])
kv_indices device: cuda:0, shape: torch.Size([10240])
kv_last_page_len: tensor([16], device='cuda:0', dtype=torch.int32)
page_size: 16
Name: PFAttn, Category: batched_cuda, Batch Size: 128, Average Time: 0.012072960138320923 ms
Operation name: O
Name: O, Category: torch, impl_tag: None, Batch Size: 128, Average Time: 0.04663296222686768 ms
Operation name: LayerNormFFN
Name: LayerNormFFN, Category: torch, Batch Size: 128, Average Time: 0.03714047908782959 ms
Name: LayerNormFFN, Category: cuda, Batch Size: 128, Average Time: 0.0034406399726867676 ms
Operation name: UG
Name: UG, Category: torch, impl_tag: None, Batch Size: 128, Average Time: 0.44788734436035155 ms
Operation name: Activation
Name: Activation, Category: torch, Batch Size: 128, Average Time: 0.03898367881774902 ms
Name: Activation, Category: cuda, Batch Size: 128, Average Time: 0.00971776008605957 ms
Operation name: D
Name: D, Category: torch, impl_tag: None, Batch Size: 128, Average Time: 0.14113792419433593 ms
Operation name: ModelLayerNorm
Name: ModelLayerNorm, Category: torch, Batch Size: 128, Average Time: 0.03683327913284302 ms
Name: ModelLayerNorm, Category: cuda, Batch Size: 128, Average Time: 0.0037990400195121767 ms
Operation name: GetLogits
Name: GetLogits, Category: torch, impl_tag: None, Batch Size: 128, Average Time: 0.8420864105224609 ms
Operation name: Sampling
Name: Sampling, Category: torch, Batch Size: 128, Average Time: 0.08336383819580079 ms
Name: Sampling, Category: cuda, Batch Size: 128, Average Time: 0.11868160247802734 ms
Operation name: GlobalOutput

Preparing to process batch:
- Input length: 1
- Input[0] shape: 256
- Total batch size: 256
- Input is not a tensor

Pipeline update:
- Stream name: TEST_1
- Is profile: True
- Decode batch size: 0
- Stream SM count: 16
- Cumsum input type: <class 'list'>
Total allocated size: 105516032
Allocation finished.
Total allocated: 100.6279296875 MB in cuda:0
Using implementation: torch
qo_indicies device: cuda:0, shape: torch.Size([2])
kv_indptr device: cuda:0, shape: torch.Size([2])
kv_indices device: cuda:0, shape: torch.Size([10240])
kv_last_page_len: tensor([16], device='cuda:0', dtype=torch.int32)
page_size: 16
Operation name: GlobalInput
Operation name: GenEmbedding
Name: GenEmbedding, Category: torch, Batch Size: 256, Average Time: 0.01602560043334961 ms
Name: GenEmbedding, Category: cuda, Batch Size: 256, Average Time: 0.0030720001459121704 ms
Operation name: LayerNormAttn
Name: LayerNormAttn, Category: torch, Batch Size: 256, Average Time: 0.04539391994476318 ms
Name: LayerNormAttn, Category: cuda, Batch Size: 256, Average Time: 0.004167680144309998 ms
Operation name: KQV
Name: KQV, Category: torch, impl_tag: None, Batch Size: 256, Average Time: 0.08722432136535645 ms
Operation name: RopeAppend
Name: RopeAppend, Category: cuda, Batch Size: 256, Average Time: 0.005949440002441406 ms
Operation name: PFAttn
qo_indicies device: cuda:0, shape: torch.Size([2])
kv_indptr device: cuda:0, shape: torch.Size([2])
kv_indices device: cuda:0, shape: torch.Size([10240])
kv_last_page_len: tensor([16], device='cuda:0', dtype=torch.int32)
page_size: 16
Name: PFAttn, Category: batched_cuda, Batch Size: 256, Average Time: 0.07609344005584717 ms
Operation name: O
Name: O, Category: torch, impl_tag: None, Batch Size: 256, Average Time: 0.14340096473693847 ms
Operation name: LayerNormFFN
Name: LayerNormFFN, Category: torch, Batch Size: 256, Average Time: 0.07837696075439453 ms
Name: LayerNormFFN, Category: cuda, Batch Size: 256, Average Time: 0.0037990400195121767 ms
Operation name: UG
Name: UG, Category: torch, impl_tag: None, Batch Size: 256, Average Time: 0.3643699264526367 ms
Operation name: Activation
Name: Activation, Category: torch, Batch Size: 256, Average Time: 0.047677440643310545 ms
Name: Activation, Category: cuda, Batch Size: 256, Average Time: 0.027146239280700684 ms
Operation name: D
Name: D, Category: torch, impl_tag: None, Batch Size: 256, Average Time: 0.19142656326293944 ms
Operation name: ModelLayerNorm
Name: ModelLayerNorm, Category: torch, Batch Size: 256, Average Time: 0.10044416427612304 ms
Name: ModelLayerNorm, Category: cuda, Batch Size: 256, Average Time: 0.003850240111351013 ms
Operation name: GetLogits
Name: GetLogits, Category: torch, impl_tag: None, Batch Size: 256, Average Time: 2.345175018310547 ms
Operation name: Sampling
Name: Sampling, Category: torch, Batch Size: 256, Average Time: 0.09176063537597656 ms
Name: Sampling, Category: cuda, Batch Size: 256, Average Time: 0.14334976196289062 ms
Operation name: GlobalOutput

Preparing to process batch:
- Input length: 1
- Input[0] shape: 384
- Total batch size: 384
- Input is not a tensor

Pipeline update:
- Stream name: TEST_1
- Is profile: True
- Decode batch size: 0
- Stream SM count: 16
- Cumsum input type: <class 'list'>
Total allocated size: 158274048
Allocation finished.
Total allocated: 150.94189453125 MB in cuda:0
Using implementation: torch
qo_indicies device: cuda:0, shape: torch.Size([2])
kv_indptr device: cuda:0, shape: torch.Size([2])
kv_indices device: cuda:0, shape: torch.Size([10240])
kv_last_page_len: tensor([16], device='cuda:0', dtype=torch.int32)
page_size: 16
Operation name: GlobalInput
Operation name: GenEmbedding
Name: GenEmbedding, Category: torch, Batch Size: 384, Average Time: 0.018749439716339113 ms
Name: GenEmbedding, Category: cuda, Batch Size: 384, Average Time: 0.0037171199917793276 ms
Operation name: LayerNormAttn
Name: LayerNormAttn, Category: torch, Batch Size: 384, Average Time: 0.07411712169647217 ms
Name: LayerNormAttn, Category: cuda, Batch Size: 384, Average Time: 0.004792320132255554 ms
Operation name: KQV
Name: KQV, Category: torch, impl_tag: None, Batch Size: 384, Average Time: 0.16210943222045898 ms
Operation name: RopeAppend
Name: RopeAppend, Category: cuda, Batch Size: 384, Average Time: 0.007045120000839233 ms
Operation name: PFAttn
qo_indicies device: cuda:0, shape: torch.Size([2])
kv_indptr device: cuda:0, shape: torch.Size([2])
kv_indices device: cuda:0, shape: torch.Size([10240])
kv_last_page_len: tensor([16], device='cuda:0', dtype=torch.int32)
page_size: 16
Name: PFAttn, Category: batched_cuda, Batch Size: 384, Average Time: 0.07377920150756836 ms
Operation name: O
Name: O, Category: torch, impl_tag: None, Batch Size: 384, Average Time: 0.07006207942962646 ms
Operation name: LayerNormFFN
Name: LayerNormFFN, Category: torch, Batch Size: 384, Average Time: 0.056514558792114256 ms
Name: LayerNormFFN, Category: cuda, Batch Size: 384, Average Time: 0.004433920085430146 ms
Operation name: UG
Name: UG, Category: torch, impl_tag: None, Batch Size: 384, Average Time: 1.1393023681640626 ms
Operation name: Activation
Name: Activation, Category: torch, Batch Size: 384, Average Time: 0.15963135719299315 ms
Name: Activation, Category: cuda, Batch Size: 384, Average Time: 0.04806655883789063 ms
Operation name: D
Name: D, Category: torch, impl_tag: None, Batch Size: 384, Average Time: 0.2831769561767578 ms
Operation name: ModelLayerNorm
Name: ModelLayerNorm, Category: torch, Batch Size: 384, Average Time: 0.05693439960479736 ms
Name: ModelLayerNorm, Category: cuda, Batch Size: 384, Average Time: 0.004792320132255554 ms
Operation name: GetLogits
Name: GetLogits, Category: torch, impl_tag: None, Batch Size: 384, Average Time: 4.372869262695312 ms
Operation name: Sampling
Name: Sampling, Category: torch, Batch Size: 384, Average Time: 0.17484800338745118 ms
Name: Sampling, Category: cuda, Batch Size: 384, Average Time: 0.34605056762695313 ms
Operation name: GlobalOutput

Preparing to process batch:
- Input length: 1
- Input[0] shape: 512
- Total batch size: 512
- Input is not a tensor

Pipeline update:
- Stream name: TEST_1
- Is profile: True
- Decode batch size: 0
- Stream SM count: 16
- Cumsum input type: <class 'list'>
Total allocated size: 211032064
Allocation finished.
Total allocated: 201.255859375 MB in cuda:0
Using implementation: torch
qo_indicies device: cuda:0, shape: torch.Size([2])
kv_indptr device: cuda:0, shape: torch.Size([2])
kv_indices device: cuda:0, shape: torch.Size([10240])
kv_last_page_len: tensor([16], device='cuda:0', dtype=torch.int32)
page_size: 16
Operation name: GlobalInput
Operation name: GenEmbedding
Name: GenEmbedding, Category: torch, Batch Size: 512, Average Time: 0.023398399353027344 ms
Name: GenEmbedding, Category: cuda, Batch Size: 512, Average Time: 0.004710400104522705 ms
Operation name: LayerNormAttn
Name: LayerNormAttn, Category: torch, Batch Size: 512, Average Time: 0.0677785587310791 ms
Name: LayerNormAttn, Category: cuda, Batch Size: 512, Average Time: 0.005877760052680969 ms
Operation name: KQV
Name: KQV, Category: torch, impl_tag: None, Batch Size: 512, Average Time: 0.2938060760498047 ms
Operation name: RopeAppend
Name: RopeAppend, Category: cuda, Batch Size: 512, Average Time: 0.007823359966278077 ms
Operation name: PFAttn
qo_indicies device: cuda:0, shape: torch.Size([2])
kv_indptr device: cuda:0, shape: torch.Size([2])
kv_indices device: cuda:0, shape: torch.Size([10240])
kv_last_page_len: tensor([16], device='cuda:0', dtype=torch.int32)
page_size: 16

=== Error Details ===
CUDA memory allocated: 36361.25MB
CUDA memory reserved: 36648.00MB
Max memory allocated: 36594.75MB

Error in batch processing:
- Error type: RuntimeError
- Error message: BatchPrefillWithPagedKVCache failed with error an illegal memory access was encountered
Traceback (most recent call last):
  File "/root/nanoflow/Nanoflow/entry/run_llama3.py", line 294, in <module>
    profile_one_cycle()
    ~~~~~~~~~~~~~~~~~^^
  File "/root/nanoflow/Nanoflow/entry/run_llama3.py", line 251, in profile_one_cycle
    pipeline.profile_run()
    ~~~~~~~~~~~~~~~~~~~~^^
  File "/root/nanoflow/Nanoflow/entry/../models/llama3_FlashinferKVCache.py", line 634, in profile_run
    operation.profile_all()
    ~~~~~~~~~~~~~~~~~~~~~^^
  File "/root/nanoflow/Nanoflow/entry/../operations/operation_base.py", line 174, in profile_all
    self.profile_run()
    ~~~~~~~~~~~~~~~~^^
  File "/root/nanoflow/Nanoflow/entry/../operations/attention/llamaAttention_flashinfer.py", line 415, in profile_run
    self.run(self.kv_tuple)
    ~~~~~~~~^^^^^^^^^^^^^^^
  File "/root/nanoflow/Nanoflow/entry/../operations/attention/llamaAttention_flashinfer.py", line 412, in run
    self.impl.run(self.inputs["Q"].tensor, kv_tuple, self.outputs["output"].tensor)
    ~~~~~~~~~~~~~^^^^^^^^^^^^^^^^^^^^^^^^^^^^^^^^^^^^^^^^^^^^^^^^^^^^^^^^^^^^^^^^^^
  File "/root/nanoflow/Nanoflow/entry/../operations/attention/llamaAttention_flashinfer.py", line 303, in run
    self.wrapper.run(Q, kv_tuple, out=output)
    ~~~~~~~~~~~~~~~~^^^^^^^^^^^^^^^^^^^^^^^^^
  File "/root/anaconda3/envs/nanoflow_new/lib/python3.13/site-packages/flashinfer/prefill.py", line 2150, in run
    self._cached_module.paged_run(*run_args)
    ~~~~~~~~~~~~~~~~~~~~~~~~~~~~~^^^^^^^^^^^
  File "/root/anaconda3/envs/nanoflow_new/lib/python3.13/site-packages/flashinfer/prefill.py", line 569, in paged_run
    paged_run_func(
    ~~~~~~~~~~~~~~^
        float_workspace_buffer,
        ^^^^^^^^^^^^^^^^^^^^^^^
    ...<25 lines>...
        token_pos_in_items_len,
        ^^^^^^^^^^^^^^^^^^^^^^^
    )
    ^
  File "/root/anaconda3/envs/nanoflow_new/lib/python3.13/site-packages/torch/_ops.py", line 756, in __call__
    return self._op(*args, **kwargs)
           ~~~~~~~~^^^^^^^^^^^^^^^^^
RuntimeError: BatchPrefillWithPagedKVCache failed with error an illegal memory access was encountered
